file,label
Sign-up-64289048.png,3
Sign-up-d11b865e.png,3
Sign-up-adc94707.png,3
Sign-up-4e282923.png,3
Sign-up-8a896fa0.png,3
Sign-up-212cde79.png,3
Sign-up-14d0db2c.png,3
Sign-up-98a0c32e.png,3
Sign-up-6c49e1a6.png,3
Sign-up-9d127ef7.png,3
Sign-up-eb3cefcc.png,3
Sign-up-981ceb3a.png,3
Sign-up-75416202.png,3
Sign-up-b2e13ddd.png,3
Sign-up-dee54685.png,3
Sign-up-d592d5df.png,3
Sign-up-5bd4ae16.png,3
Sign-up-5787b081.png,3
Sign-up-b23c3479.png,3
Sign-up-1e818c43.png,3
Sign-up-44b3968d.png,3
Sign-up-908791d0.png,3
Sign-up-6a2a64e9.png,3
Sign-up-666d794e.png,3
Sign-up-59b75d21.png,3
Sign-up-c9fd02e8.png,3
Sign-up-68534ad4.png,3
Sign-up-ba70e9d0.png,3
Sign-up-b9654608.png,3
Sign-up-e58138df.png,3
Sign-up-82a39214.png,3
Sign-up-48148e3a.png,3
Sign-up-a4eff9b4.png,3
Sign-up-d8789004.png,3
Sign-up-fac22dab.png,3
Sign-up-f8d5669b.png,3
Sign-up-37c1ee07.png,3
Sign-up-c3a17d29.png,3
Sign-up-f18d0a10.png,3
Sign-up-069e567c.png,3
Sign-up-98e67b08.png,3
Sign-up-983bc20d.png,3
Sign-up-d0551e63.png,3
Sign-up-60466a91.png,3
Sign-up-6717c7a6.png,3
Sign-up-06d91139.png,3
Sign-up-b76da82a.png,3
Sign-up-072436d4.png,3
Sign-up-4759ee1b.png,3
Sign-up-e5d8a670.png,3
Sign-up-8e517e32.png,3
Sign-up-befc1e2f.png,3
Sign-up-797b53c0.png,3
Sign-up-a4be512c.png,3
Sign-up-4f5ee2b6.png,3
Sign-up-f39c7aca.png,3
Sign-up-a06da087.png,3
Sign-up-36fa7540.png,3
Sign-up-e5f4f444.png,3
Sign-up-e86c7de7.png,3
Sign-up-afca8b32.png,3
Sign-up-6289b491.png,3
Sign-up-94ec86e2.png,3
Sign-up-64ea3709.png,3
Sign-up-a3e50776.png,3
Sign-up-270d4994.png,3
Sign-up-95733ba5.png,3
Sign-up-e4ccba33.png,3
Sign-up-6e4cc87e.png,3
Sign-up-7f98d0d5.png,3
Sign-up-5f27c2ab.png,3
Sign-up-f94e6fc4.png,3
Sign-up-730254a9.png,3
Sign-up-7f6b7186.png,3
Sign-up-c0ad9c98.png,3
Sign-up-43a1420e.png,3
Sign-up-58fdb826.png,3
Sign-up-57131fc1.png,3
Sign-up-0d1d7f02.png,3
Sign-up-f4bee579.png,3
Sign-up-e4243644.png,3
Sign-up-c6edb0a0.png,3
Sign-up-d586e3df.png,3
Sign-up-5246fc6c.png,3
Sign-up-3cd38c5f.png,3
Sign-up-e43e8691.png,3
Sign-up-d27a6f91.png,3
Sign-up-fb68534b.png,3
Sign-up-cbd6ecd8.png,3
Sign-up-953d25aa.png,3
Sign-up-897014af.png,3
Sign-up-99b43a29.png,3
Sign-up-89c5a994.png,3
Sign-up-020110ed.png,3
Sign-up-7ffb59dd.png,3
Sign-up-3ea81d53.png,3
Sign-up-7014f3fb.png,3
Sign-up-eb2ba439.png,3
Sign-up-f3fea13f.png,3
Sign-up-5bc3e188.png,3
Sign-up-08ddac85.png,3
Sign-up-fe4fb64f.png,3
Sign-up-ee164c6e.png,3
Sign-up-42dcf502.png,3
Sign-up-c7e2377f.png,3
Sign-up-c56b81cc.png,3
Sign-up-27d5f0d8.png,3
Sign-up-92938f1d.png,3
Sign-up-65bde9e8.png,3
Sign-up-9a191280.png,3
Sign-up-91e5ebf4.png,3
Sign-up-b60f5fd4.png,3
Sign-up-ea43d491.png,3
Sign-up-6e534763.png,3
Sign-up-04fecd59.png,3
Sign-up-87c373ee.png,3
Sign-up-770c4bd5.png,3
Sign-up-a06eafd5.png,3
Sign-up-fa8ff156.png,3
Sign-up-a5b227c4.png,3
Sign-up-e0613938.png,3
Sign-up-a372740c.png,3
Sign-up-148cd3c1.png,3
Sign-up-831d8cc2.png,3
Sign-up-0397b766.png,3
Sign-up-a39f19a3.png,3
Sign-up-2b360a9f.png,3
Sign-up-1102a40a.png,3
Sign-up-eb6a1c22.png,3
Sign-up-abf7279a.png,3
Sign-up-ba2c6f23.png,3
Sign-up-1278089c.png,3
Sign-up-187f836d.png,3
Sign-up-6a3f9307.png,3
Sign-up-dcdda360.png,3
Sign-up-bf85f116.png,3
Sign-up-9bcf3148.png,3
Sign-up-04765edf.png,3
Sign-up-a1be1805.png,3
Sign-up-f2767954.png,3
Sign-up-44964232.png,3
Sign-up-4bc3978c.png,3
Sign-up-2f31d1ad.png,3
Sign-up-aada6e24.png,3
Sign-up-2ed18039.png,3
Sign-up-63f3d4a9.png,3
Sign-up-854af06f.png,3
Sign-up-f3a041c6.png,3
Sign-up-f0d19930.png,3
Sign-up-436f5805.png,3
Sign-up-9c3e4733.png,3
Sign-up-b6fd6b5c.png,3
Sign-up-43b6b851.png,3
Sign-up-88712dfe.png,3
Sign-up-f4a921c4.png,3
Sign-up-c8b78fc2.png,3
Sign-up-a164e64a.png,3
Sign-up-ffce63f8.png,3
Sign-up-33b66cf3.png,3
Sign-up-5029e48f.png,3
Sign-up-e8870449.png,3
Sign-up-a717ae32.png,3
Sign-up-3161b91a.png,3
Sign-up-e33f23b9.png,3
Sign-up-073b67d7.png,3
Sign-up-c863f76a.png,3
Sign-up-e75c1c72.png,3
Sign-up-6adb8e68.png,3
Sign-up-f0f2864c.png,3
Sign-up-f9cf23dc.png,3
Sign-up-4f774da8.png,3
Sign-up-bda491c6.png,3
Sign-up-7e757063.png,3
Sign-up-7202a9dc.png,3
Sign-up-4dbc2f1a.png,3
Sign-up-ab56492f.png,3
Sign-up-580fc8a4.png,3
Sign-up-ff482ec8.png,3
Sign-up-d5cbbb59.png,3
Sign-up-44f70988.png,3
Sign-up-1c7da811.png,3
Sign-up-79560afc.png,3
Sign-up-50f71ffc.png,3
Sign-up-4431c301.png,3
Sign-up-c0a337c5.png,3
Sign-up-60da16b4.png,3
Sign-up-28536090.png,3
Sign-up-9b90b1ec.png,3
Sign-up-97448882.png,3
Sign-up-4125ab12.png,3
Sign-up-b48a2d3a.png,3
Sign-up-89cee153.png,3
Sign-up-97474969.png,3
Sign-up-b77dc645.png,3
Sign-up-1a6f190f.png,3
Sign-up-361062ec.png,3
Sign-up-52fb7331.png,3
Sign-up-edc1accb.png,3
Sign-up-5c912069.png,3
Sign-up-c67f6716.png,3
Sign-up-49fec295.png,3
Sign-up-b1511e77.png,3
Sign-up-ef5267ae.png,3
Sign-up-241aea6c.png,3
Sign-up-5b46c035.png,3
Sign-up-8dbe05f4.png,3
Sign-up-e802b765.png,3
Sign-up-63208c54.png,3
Sign-up-bf7bb880.png,3
Sign-up-6a581247.png,3
Sign-up-59f53ff3.png,3
Sign-up-e9274f54.png,3
Sign-up-53d84737.png,3
Sign-up-630c88eb.png,3
Sign-up-f07db251.png,3
Sign-up-748fa6f5.png,3
Sign-up-dab27dde.png,3
Sign-up-1cc069c8.png,3
Sign-up-ab442809.png,3
Sign-up-0c3e895d.png,3
Sign-up-64022e00.png,3
Sign-up-a148693e.png,3
Sign-up-8f490a4c.png,3
Sign-up-2ac397b1.png,3
Sign-up-50387e3b.png,3
Sign-up-8388b1c4.png,3
Sign-up-a78305e3.png,3
Sign-up-43c45130.png,3
Sign-up-60e030bc.png,3
Sign-up-5189a27a.png,3
Sign-up-622b9634.png,3
Sign-up-3fc88856.png,3
Sign-up-32416d9c.png,3
Sign-up-0324f96e.png,3
Sign-up-c6c04ebf.png,3
Sign-up-11d20bc0.png,3
Sign-up-0a0ab81d.png,3
Sign-up-b552516c.png,3
Sign-up-e517df2d.png,3
Sign-up-9ca53dde.png,3
Sign-up-7ee79cc8.png,3
Sign-up-dbbd73d7.png,3
Sign-up-80150f6a.png,3
Sign-up-58af0d4a.png,3
Sign-up-4b23daee.png,3
Sign-up-f44ac043.png,3
Sign-up-7ffe300d.png,3
Sign-up-ce122d3c.png,3
Sign-up-ab3c6c21.png,3
Sign-up-22fe59ef.png,3
Sign-up-cff76a14.png,3
Sign-up-1a242b4a.png,3
Sign-up-527e2a72.png,3
Sign-up-43edd2f1.png,3
Sign-up-7d6a6b2b.png,3
Sign-up-3038e5ab.png,3
Sign-up-7e688ed2.png,3
Sign-up-0f2c5964.png,3
Sign-up-9d428bf3.png,3
Sign-up-b286a06a.png,3
Sign-up-8b2d616b.png,3
Sign-up-b6bb5259.png,3
Sign-up-bb78fd10.png,3
Sign-up-faba62a4.png,3
Sign-up-5b14f938.png,3
Sign-up-f6c55e4b.png,3
Sign-up-8f5873f9.png,3
Sign-up-d8a7f386.png,3
Sign-up-f9e7074a.png,3
Sign-up-cf29f5aa.png,3
Sign-up-24f3bb64.png,3
Sign-up-a330d35d.png,3
Sign-up-6d9890ce.png,3
Sign-up-97d2f105.png,3
Sign-up-3a59568c.png,3
Sign-up-67302520.png,3
Sign-up-139ed595.png,3
Sign-up-24bf3531.png,3
Sign-up-0ab682ec.png,3
Sign-up-09555d66.png,3
Sign-up-415e9723.png,3
Sign-up-721c47b5.png,3
Sign-up-e0577a1e.png,3
Sign-up-198d1a37.png,3
Sign-up-91ffa73c.png,3
Sign-up-f10c3bef.png,3
Sign-up-711fcc6b.png,3
Sign-up-0d97b60f.png,3
Sign-up-57d4adc1.png,3
Sign-up-4a834e8c.png,3
Sign-up-346d1ed9.png,3
Sign-up-27671e18.png,3
Sign-up-db70e63a.png,3
Sign-up-271c2f20.png,3
Sign-up-c3673605.png,3
Sign-up-89bd10c3.png,3
Sign-up-c2fc003e.png,3
Sign-up-fc1efeec.png,3
Sign-up-44a9d750.png,3
Sign-up-207b4f81.png,3
Sign-up-541c57c4.png,3
Sign-up-7e812071.png,3
Sign-up-ae2f86d0.png,3
Sign-up-79b23f2a.png,3
Sign-up-025a4a08.png,3
Sign-up-735f80fc.png,3
Sign-up-21a90701.png,3
Sign-up-0d3e0c6e.png,3
Sign-up-d5b04da4.png,3
Sign-up-7dcf192e.png,3
Sign-up-34b80427.png,3
Sign-up-2967383b.png,3
Sign-up-d8743256.png,3
Sign-up-b148beef.png,3
Sign-up-6220d540.png,3
Sign-up-8e2ed4b0.png,3
Sign-up-2093c1c4.png,3
Sign-up-f7d8c3ee.png,3
Sign-up-a850035c.png,3
Sign-up-8b948a17.png,3
Sign-up-f9d76061.png,3
Sign-up-df21e608.png,3
Sign-up-bc3fc769.png,3
Sign-up-3436c676.png,3
Sign-up-52b0066a.png,3
Sign-up-2d38ee99.png,3
Sign-up-d76a67f3.png,3
Sign-up-f529769a.png,3
Sign-up-189b1826.png,3
Sign-up-4cbc8e1e.png,3
Sign-up-934129e3.png,3
Sign-up-133d346f.png,3
Sign-up-b61226b1.png,3
Sign-up-5e5d715c.png,3
Sign-up-30c48b43.png,3
Sign-up-75ebf365.png,3
Sign-up-8877159c.png,3
Sign-up-c220cff4.png,3
Sign-up-94de8477.png,3
Sign-up-cbec9b6f.png,3
Sign-up-fde21731.png,3
Sign-up-73c997bf.png,3
Sign-up-4e209fc8.png,3
Sign-up-74cfb28d.png,3
Sign-up-26d61219.png,3
Sign-up-1b68199a.png,3
Sign-up-2fe43c23.png,3
Sign-up-4274bf38.png,3
Sign-up-6db49bd1.png,3
Sign-up-947c1a2b.png,3
Sign-up-d8002fa5.png,3
Sign-up-0866d4df.png,3
Sign-up-64b72ed5.png,3
Sign-up-10060316.png,3
Sign-up-7d2b426b.png,3
Sign-up-2592b406.png,3
Sign-up-8a041633.png,3
Sign-up-2509d5c0.png,3
Sign-up-b51b7079.png,3
Sign-up-87abef43.png,3
Sign-up-7b6a5f8a.png,3
Sign-up-a9313ec5.png,3
Sign-up-9a2b3394.png,3
Sign-up-b037be7c.png,3
Sign-up-6c013ef3.png,3
Sign-up-e3553182.png,3
Sign-up-fb40530a.png,3
Sign-up-857ec0e0.png,3
Sign-up-644ae083.png,3
Sign-up-a430725b.png,3
Sign-up-e366ea1c.png,3
Sign-up-d7299ed7.png,3
Sign-up-b4ace3cf.png,3
Sign-up-b1c264e2.png,3
Sign-up-c28278d2.png,3
Sign-up-d2129d09.png,3
Sign-up-0e0efa8d.png,3
Sign-up-1475c83a.png,3
Sign-up-0cc519ca.png,3
Sign-up-e732e996.png,3
Sign-up-d9214486.png,3
Sign-up-7edfd93f.png,3
Sign-up-579c614d.png,3
Sign-up-88c814fd.png,3
Sign-up-351a8e4e.png,3
Sign-up-c5c38ea3.png,3
Sign-up-32b2453e.png,3
Sign-up-f983e36f.png,3
Sign-up-e1947da7.png,3
Sign-up-6410ee7c.png,3
Sign-up-5559162b.png,3
Sign-up-b7825ab8.png,3
Sign-up-6ae44d3c.png,3
Sign-up-908b0597.png,3
Sign-up-b5a94077.png,3
Sign-up-53ed9e03.png,3
Sign-up-3342a619.png,3
Sign-up-920011cb.png,3
Sign-up-54a7dbde.png,3
Sign-up-e94b1d88.png,3
Sign-up-b54dfd80.png,3
Sign-up-9bdc2526.png,3
Sign-up-3e6a6a6d.png,3
Sign-up-492b8a5d.png,3
Sign-up-a11764e0.png,3
Sign-up-4623872e.png,3
Sign-up-326b3427.png,3
Sign-up-894f4e86.png,3
Sign-up-39cd4e10.png,3
Sign-up-f634584c.png,3
Sign-up-7f0116c3.png,3
Sign-up-9ff88b7c.png,3
Sign-up-fb8429a5.png,3
Sign-up-ef39ffa3.png,3
Sign-up-bb69a267.png,3
Sign-up-c67d365d.png,3
Sign-up-4da747ab.png,3
Sign-up-2b4dce2f.png,3
Sign-up-52a946f9.png,3
Sign-up-d70a7a94.png,3
Sign-up-ee8329d0.png,3
Sign-up-92f71663.png,3
Sign-up-8764af07.png,3
Sign-up-b842c80e.png,3
Sign-up-eb2c3a50.png,3
Sign-up-9e26ddcc.png,3
Sign-up-f61fee04.png,3
Sign-up-a6b8a10c.png,3
Sign-up-d202b43d.png,3
Sign-up-def67ed4.png,3
Sign-up-bee2a3e6.png,3
Sign-up-2fe0ebdc.png,3
Sign-up-af1d760a.png,3
Sign-up-ed77500c.png,3
Sign-up-52b1fa06.png,3
Sign-up-1beba355.png,3
Sign-up-db51afa1.png,3
Sign-up-8990a72b.png,3
Sign-up-c594aa0b.png,3
Sign-up-4570314c.png,3
Sign-up-6b9f1b31.png,3
Sign-up-ed86a81f.png,3
Sign-up-1a7ee5af.png,3
Sign-up-940ffee4.png,3
Sign-up-d51f76b5.png,3
Sign-up-678072e1.png,3
Sign-up-2aea56a1.png,3
Sign-up-50966780.png,3
Sign-up-5c1cc7d0.png,3
Sign-up-ae94c624.png,3
Sign-up-0de72079.png,3
Sign-up-e5ed126b.png,3
Sign-up-1a2ef910.png,3
Sign-up-25a87004.png,3
Sign-up-ae17075a.png,3
Sign-up-620c3c53.png,3
Sign-up-8d85123a.png,3
Sign-up-73798564.png,3
Sign-up-d94cdc45.png,3
Sign-up-583cb895.png,3
Sign-up-c8ec842e.png,3
Sign-up-26caf9f5.png,3
Sign-up-d71b0762.png,3
Sign-up-e8430ff2.png,3
Sign-up-e2a17734.png,3
Sign-up-371acd07.png,3
Sign-up-1f837227.png,3
Sign-up-2010e5ee.png,3
Sign-up-128093fc.png,3
Sign-up-7f20cc58.png,3
Sign-up-abd159f9.png,3
Sign-up-77d229c3.png,3
Sign-up-c3d272c8.png,3
Sign-up-1301e857.png,3
Sign-up-eab40afe.png,3
Sign-up-6e1ba1c6.png,3
Sign-up-e15ea055.png,3
Sign-up-05e5268a.png,3
Sign-up-94c37244.png,3
Sign-up-255a4bdd.png,3
Sign-up-7bea003b.png,3
Sign-up-13d5a0df.png,3
Sign-up-3b7e201a.png,3
Sign-up-0855f2e4.png,3
Sign-up-9e8301fa.png,3
Sign-up-fa3fc039.png,3
Sign-up-245d2642.png,3
Sign-up-9e179edb.png,3
Sign-up-8e7231e1.png,3
Sign-up-1d529fbc.png,3
Sign-up-7848207d.png,3
Sign-up-90744502.png,3
Sign-up-82c5ff23.png,3
Sign-up-03581a7b.png,3
Sign-up-780e0d4e.png,3
Sign-up-8669a7f5.png,3
Sign-up-f6aa51a8.png,3
Sign-up-db64edd2.png,3
Sign-up-e778e75a.png,3
Sign-up-24a4795e.png,3
Sign-up-05e3d720.png,3
Sign-up-4df9094b.png,3
Sign-up-ca05766a.png,3
Sign-up-5c8e5974.png,3
Sign-up-9daeb3b7.png,3
Sign-up-e0d89455.png,3
Sign-up-a39b76e0.png,3
Sign-up-9da4fd60.png,3
Sign-up-cdaf90ad.png,3
Sign-up-6631f65d.png,3
Sign-up-b4061d23.png,3
Sign-up-204ec6de.png,3
Sign-up-0d2fc3d4.png,3
Sign-up-7cfb08b7.png,3
Sign-up-eb215d9d.png,3
Sign-up-0f26b038.png,3
Sign-up-f767e247.png,3
Sign-up-6de689ca.png,3
Sign-up-2faeb969.png,3
Sign-up-27c2e51f.png,3
Sign-up-e1d4c446.png,3
Sign-up-68da75c7.png,3
Sign-up-a10373aa.png,3
Sign-up-4b912b6e.png,3
Sign-up-eb300f06.png,3
Sign-up-f086c631.png,3
Sign-up-91ec7736.png,3
Sign-up-49843fa9.png,3
Sign-up-1f921aeb.png,3
Sign-up-8d36a265.png,3
Sign-up-b88c1795.png,3
Sign-up-fc25738c.png,3
Sign-up-d4b9e33b.png,3
Sign-up-6e373178.png,3
Sign-up-b9397441.png,3
Sign-up-a596bfb8.png,3
Sign-up-62ab06f3.png,3
Sign-up-b7bb135c.png,3
Sign-up-002eeb31.png,3
Sign-up-6adfa382.png,3
Sign-up-e4a24361.png,3
Sign-up-1f4b25dc.png,3
Sign-up-f8b726d5.png,3
Sign-up-e077f44b.png,3
Sign-up-2e352e06.png,3
Sign-up-8116a261.png,3
Sign-up-725d07b7.png,3
Sign-up-cb3a7ddd.png,3
Sign-up-3cb193da.png,3
Sign-up-4a5af8d6.png,3
Sign-up-c2f24e37.png,3
Sign-up-a8cb24ea.png,3
Sign-up-03aa35f9.png,3
Sign-up-c9da0f50.png,3
Sign-up-ff5463ea.png,3
Sign-up-be122054.png,3
Sign-up-5eff18fb.png,3
Sign-up-1a94fc2c.png,3
Sign-up-374ff85d.png,3
Sign-up-57c00efa.png,3
Sign-up-d7c9fa0f.png,3
Sign-up-0fe18869.png,3
Sign-up-825c9989.png,3
Sign-up-02e4f504.png,3
Sign-up-12242851.png,3
Sign-up-7bac5552.png,3
Sign-up-7b0fa172.png,3
Sign-up-9ed9946c.png,3
Sign-up-f6d481c4.png,3
Sign-up-8327f6ad.png,3
Sign-up-e66dab9f.png,3
Sign-up-c4e521ab.png,3
Sign-up-b45fac6f.png,3
Sign-up-43c1ee54.png,3
Sign-up-eb0036f8.png,3
Sign-up-d058351e.png,3
Sign-up-366ec60d.png,3
Sign-up-dfb35963.png,3
Sign-up-1d2574ed.png,3
Sign-up-f7cd198d.png,3
Sign-up-6414ed12.png,3
Sign-up-74087599.png,3
Sign-up-cb4c38bb.png,3
Sign-up-0e908c57.png,3
Sign-up-8312b085.png,3
Sign-up-22746355.png,3
Sign-up-f79aa01f.png,3
Sign-up-ec18d86d.png,3
Sign-up-b8b5888a.png,3
Sign-up-ca6cc4e4.png,3
Sign-up-065fb1e8.png,3
Sign-up-a61d3f40.png,3
Sign-up-d69a06f1.png,3
Sign-up-4a13f9ba.png,3
Sign-up-1bea69da.png,3
Sign-up-c8053b32.png,3
Sign-up-0f7659f4.png,3
Sign-up-10814eaa.png,3
Sign-up-15393dce.png,3
Sign-up-6491bc8b.png,3
Sign-up-7c148132.png,3
Sign-up-9d5ec4a1.png,3
Sign-up-ef5e3543.png,3
Sign-up-75bd8b08.png,3
Sign-up-2fd78fbe.png,3
Sign-up-d0c85e3e.png,3
Sign-up-e3ad7c67.png,3
Sign-up-7b3b75db.png,3
Sign-up-f80f84d7.png,3
Sign-up-1c5263e5.png,3
Sign-up-146207c9.png,3
Sign-up-4432f898.png,3
Sign-up-66e1e668.png,3
Sign-up-ec5bc83a.png,3
Sign-up-e3411f67.png,3
Sign-up-78ba4fed.png,3
Sign-up-a2535e2e.png,3
Sign-up-d59799d5.png,3
Sign-up-8906ca87.png,3
Sign-up-c64280b4.png,3
Sign-up-9019eaed.png,3
Sign-up-f1f93ea4.png,3
Sign-up-1c986809.png,3
Sign-up-a2e58534.png,3
Sign-up-26fb4d09.png,3
Sign-up-b364d214.png,3
Sign-up-5148cb22.png,3
Sign-up-5170383b.png,3
Sign-up-a8d3c500.png,3
Sign-up-d0999606.png,3
Sign-up-17d0a885.png,3
Sign-up-18b3d093.png,3
Sign-up-a1ba250f.png,3
Sign-up-4d262f6e.png,3
Sign-up-3bc6a687.png,3
Sign-up-2a72ca17.png,3
Sign-up-58b829f6.png,3
Sign-up-3ef20816.png,3
Sign-up-4fe1bdff.png,3
Sign-up-2a7f4128.png,3
Sign-up-680e8ddc.png,3
Sign-up-4ed5281c.png,3
Sign-up-88ba859e.png,3
Sign-up-26df0017.png,3
Sign-up-734b570d.png,3
Sign-up-f8d7f91d.png,3
Sign-up-61f95998.png,3
Sign-up-cf736d39.png,3
Sign-up-75b76a41.png,3
Sign-up-5445cb11.png,3
Sign-up-150e6a10.png,3
Sign-up-5c298dc6.png,3
Sign-up-4fbe81dc.png,3
Sign-up-e522aad3.png,3
Sign-up-d3255017.png,3
Sign-up-f3c6f076.png,3
Sign-up-d36d7ac2.png,3
Sign-up-5581d42d.png,3
Sign-up-ead765dd.png,3
Sign-up-f3a73e28.png,3
Sign-up-d433195a.png,3
Sign-up-bb56a894.png,3
Sign-up-52abb744.png,3
Sign-up-af538548.png,3
Sign-up-bf3a654a.png,3
Sign-up-765a6b49.png,3
Sign-up-7d18f51a.png,3
Sign-up-e17ac3bf.png,3
Sign-up-d64681bd.png,3
Sign-up-0293b354.png,3
Sign-up-1da6d21b.png,3
Sign-up-2b8eda77.png,3
Sign-up-07028878.png,3
Sign-up-0cc2e9f1.png,3
Sign-up-26185566.png,3
Sign-up-5f69df83.png,3
Sign-up-563d04be.png,3
Sign-up-ec6dfb01.png,3
Sign-up-96a4b73a.png,3
Sign-up-823333b1.png,3
Sign-up-50483bd8.png,3
Sign-up-fa099370.png,3
Sign-up-369d201e.png,3
Sign-up-4b0aa301.png,3
Sign-up-1d9f80db.png,3
Sign-up-e1b6b812.png,3
Sign-up-57baaaeb.png,3
Sign-up-94bbce0e.png,3
Sign-up-864fc71e.png,3
Sign-up-c516e666.png,3
Sign-up-0c6f78ed.png,3
Sign-up-c5bc95c6.png,3
Sign-up-0b12ead9.png,3
Sign-up-c5db38a9.png,3
Sign-up-5c5897e2.png,3
Sign-up-0c69b3d3.png,3
Sign-up-9ab99992.png,3
Sign-up-17a5e3de.png,3
Sign-up-23b148ce.png,3
Sign-up-021f93c3.png,3
Sign-up-a1d76f1b.png,3
Sign-up-eed8b93d.png,3
Sign-up-e22bc929.png,3
Sign-up-7601b397.png,3
Sign-up-4a0eed68.png,3
Sign-up-abb63147.png,3
Sign-up-548efb32.png,3
Sign-up-440fa37b.png,3
Sign-up-2e36138c.png,3
Sign-up-b8055dd2.png,3
Sign-up-6f7c80f7.png,3
Sign-up-b277cf2a.png,3
Sign-up-b05847b4.png,3
Sign-up-ea4d648c.png,3
Sign-up-66d04bd1.png,3
Sign-up-2336b251.png,3
Sign-up-bed2dfcf.png,3
Sign-up-e8414d49.png,3
Sign-up-d5fd2d0e.png,3
Sign-up-498287a9.png,3
Sign-up-7c436912.png,3
Sign-up-36b9ee52.png,3
Sign-up-28c0751d.png,3
Sign-up-a44a7075.png,3
Sign-up-71176e8c.png,3
Sign-up-c7600a89.png,3
Sign-up-68d41b2a.png,3
Sign-up-7cab6c6e.png,3
Sign-up-5037dd7d.png,3
Sign-up-ad410d8c.png,3
Sign-up-b368bae7.png,3
Sign-up-c5880aba.png,3
Sign-up-40036edb.png,3
Sign-up-4787510c.png,3
Sign-up-e0f7fd94.png,3
Sign-up-29ccc645.png,3
Sign-up-efee9085.png,3
Sign-up-99d0f746.png,3
Sign-up-3f64ae85.png,3
Sign-up-b4545388.png,3
Sign-up-23914916.png,3
Sign-up-ac8d7c86.png,3
Sign-up-288102cc.png,3
Sign-up-a8bdde72.png,3
Sign-up-b07e5ba7.png,3
Sign-up-936072e6.png,3
Sign-up-556f87f9.png,3
Sign-up-05b3266f.png,3
Sign-up-d8037251.png,3
Sign-up-03dca55a.png,3
Sign-up-503c2065.png,3
Sign-up-aa5b959f.png,3
Sign-up-1e7de685.png,3
Sign-up-473657a6.png,3
Sign-up-8a154ec2.png,3
Sign-up-a625d8d1.png,3
Sign-up-52c48f33.png,3
Sign-up-9d535397.png,3
Sign-up-a9824935.png,3
Sign-up-48474bdf.png,3
Sign-up-8b34d25b.png,3
Sign-up-806a5922.png,3
Sign-up-adfeaa01.png,3
Sign-up-de8e5655.png,3
Sign-up-64027281.png,3
Sign-up-0fb61755.png,3
Sign-up-570b8389.png,3
Sign-up-87bc21dd.png,3
Sign-up-a5456857.png,3
Sign-up-5372394d.png,3
Sign-up-d26c37ec.png,3
Sign-up-b765b1bf.png,3
Sign-up-50852ea8.png,3
Sign-up-5ec3bf2d.png,3
Sign-up-1f886217.png,3
Sign-up-68c20eba.png,3
Sign-up-c6947036.png,3
Sign-up-51be1193.png,3
Sign-up-991d833a.png,3
Sign-up-a5b67d7b.png,3
Sign-up-03b8acf4.png,3
Sign-up-817149a7.png,3
Sign-up-62f94478.png,3
Sign-up-7bccee96.png,3
Sign-up-609d5602.png,3
Sign-up-cffd2f86.png,3
Sign-up-1764a864.png,3
Sign-up-c9907971.png,3
Sign-up-d744aabc.png,3
Sign-up-b97a8646.png,3
Sign-up-cc50961a.png,3
Sign-up-bfeba3bd.png,3
Sign-up-2f0ac2c7.png,3
Sign-up-32119ac9.png,3
Sign-up-a9eca64e.png,3
Sign-up-906dedc9.png,3
Sign-up-d834c514.png,3
Sign-up-58e9b71c.png,3
Sign-up-e4fe1eeb.png,3
Sign-up-513b52e0.png,3
Sign-up-e5945ca0.png,3
Sign-up-da4ef674.png,3
Sign-up-c8678a03.png,3
Sign-up-c1f69c07.png,3
Sign-up-018fab5d.png,3
Sign-up-0c43a466.png,3
Sign-up-193f8bb1.png,3
Sign-up-a4f60d37.png,3
Sign-up-6d078e7c.png,3
Sign-up-59603b60.png,3
Sign-up-da798ac5.png,3
Sign-up-5b3e65e2.png,3
Sign-up-e555a993.png,3
Sign-up-ffb3c45e.png,3
Sign-up-26ff1d58.png,3
Sign-up-bfb8e926.png,3
Sign-up-b5a14e24.png,3
Sign-up-74f7dfe7.png,3
Sign-up-9351ef71.png,3
Sign-up-ae6d38a4.png,3
Sign-up-a7858d91.png,3
Sign-up-a5bff76e.png,3
Sign-up-4b8e0752.png,3
Sign-up-9f89c614.png,3
Sign-up-651fe1b6.png,3
Sign-up-47ec24f0.png,3
Sign-up-27b6ef0d.png,3
Sign-up-7daa787b.png,3
Sign-up-d8766db4.png,3
Sign-up-5bea2e1b.png,3
Sign-up-47bf251b.png,3
Sign-up-02eea817.png,3
Sign-up-f89b00b1.png,3
Sign-up-6a3c5f25.png,3
Sign-up-c9b59070.png,3
Sign-up-7efefa3e.png,3
Sign-up-3bafb913.png,3
Sign-up-ae1be28e.png,3
Sign-up-b0356510.png,3
Sign-up-3146edfd.png,3
Sign-up-2c5bc700.png,3
Sign-up-88f90c01.png,3
Sign-up-04830a51.png,3
Sign-up-3f305d94.png,3
Sign-up-8265662e.png,3
Sign-up-4c6bf3ef.png,3
Sign-up-bbbe0115.png,3
Sign-up-a20362ce.png,3
Sign-up-41ebb2fc.png,3
Sign-up-c32bc568.png,3
Sign-up-c3547f9a.png,3
Sign-up-718beaf8.png,3
Sign-up-14f08dd0.png,3
Sign-up-d9d74d39.png,3
Sign-up-fd4e4c09.png,3
Sign-up-6a74b393.png,3
Sign-up-6f5d0f70.png,3
Sign-up-951c9b93.png,3
Sign-up-1c9b020a.png,3
Sign-up-649e6747.png,3
Sign-up-b65c18a9.png,3
Sign-up-3236a530.png,3
Sign-up-7d1e770e.png,3
Sign-up-3b9a76e0.png,3
Sign-up-28a0a9dd.png,3
Sign-up-0a572697.png,3
Sign-up-5e4bafc9.png,3
Sign-up-658b6a54.png,3
Sign-up-9bb5f4f7.png,3
Sign-up-6bbcb076.png,3
Sign-up-e2ec8f7e.png,3
Sign-up-9d4bcedf.png,3
Sign-up-18d86eea.png,3
Sign-up-21d26eac.png,3
Sign-up-bda219a7.png,3
Sign-up-8ee0b8f7.png,3
Sign-up-e76a4fae.png,3
Sign-up-45dc9994.png,3
Sign-up-db91316a.png,3
Sign-up-044bb5e6.png,3
Sign-up-944c55c7.png,3
Sign-up-6dd6a9cc.png,3
Sign-up-ea4c106c.png,3
Sign-up-b0bd4a9c.png,3
Sign-up-4ea15900.png,3
Sign-up-6d675119.png,3
Sign-up-3babb607.png,3
Sign-up-e5e3d4e7.png,3
Sign-up-de241b86.png,3
Sign-up-00c3eabc.png,3
Sign-up-5cab3627.png,3
Sign-up-f9401dbf.png,3
Sign-up-e4afbe9c.png,3
Sign-up-32113ea9.png,3
Sign-up-e92a00cb.png,3
Sign-up-1499c991.png,3
Sign-up-39d979cb.png,3
Sign-up-b1b53b76.png,3
Sign-up-4e2511fe.png,3
Sign-up-88ed727d.png,3
Sign-up-7cc80f7e.png,3
Sign-up-e215fc21.png,3
Sign-up-ecbad1fc.png,3
Sign-up-b614675b.png,3
Sign-up-2f72a699.png,3
Sign-up-dfafd87c.png,3
Sign-up-2c5b918c.png,3
Sign-up-799c062c.png,3
Sign-up-3ecb0ef8.png,3
Sign-up-6292ace0.png,3
Sign-up-2651dda6.png,3
Sign-up-c5bb0897.png,3
Sign-up-4d80f85e.png,3
Sign-up-cb3357a4.png,3
Sign-up-33040a54.png,3
Sign-up-110eccf1.png,3
Sign-up-4c942251.png,3
Sign-up-bf17b2d8.png,3
Sign-up-3356f72f.png,3
Sign-up-caf2233b.png,3
Sign-up-5e8e3cf8.png,3
Sign-up-cb7eeeb8.png,3
Sign-up-5aa2a2f8.png,3
Sign-up-fdb2c06c.png,3
Sign-up-51a5b574.png,3
Sign-up-a42975ec.png,3
Sign-up-14ec443a.png,3
Sign-up-dd4a4d6d.png,3
Sign-up-04da49f3.png,3
Sign-up-1de015cb.png,3
Sign-up-551e1ea3.png,3
Sign-up-b56e7293.png,3
Sign-up-0ff776bb.png,3
Sign-up-b0652815.png,3
Sign-up-43c0fbb6.png,3
Sign-up-d2581628.png,3
Sign-up-63323053.png,3
Sign-up-db163944.png,3
Sign-up-59e7770a.png,3
Sign-up-b1849578.png,3
Sign-up-d39c8d1b.png,3
Sign-up-a58cc718.png,3
Sign-up-091a6b2a.png,3
Sign-up-9dd6976c.png,3
Sign-up-6634c485.png,3
Sign-up-fa94d34c.png,3
Sign-up-73d31166.png,3
Sign-up-1432d0e7.png,3
Sign-up-2b18cd24.png,3
Sign-up-d4f8fdd6.png,3
Sign-up-8fcbef9b.png,3
Sign-up-b397c014.png,3
Sign-up-658e53b9.png,3
Sign-up-55b22272.png,3
Sign-up-5f377377.png,3
Sign-up-fdd8a566.png,3
Sign-up-f5362795.png,3
Sign-up-bac2f7dd.png,3
Sign-up-024a5ba2.png,3
Sign-up-6a02c6eb.png,3
Sign-up-610e7110.png,3
Sign-up-91241cd2.png,3
Sign-up-ca68b4bd.png,3
Sign-up-8637000d.png,3
Sign-up-c6c965c7.png,3
Sign-up-449e33eb.png,3
Sign-up-250dd205.png,3
Sign-up-37188abf.png,3
Sign-up-90381bed.png,3
Sign-up-7d29d0af.png,3
Sign-up-90c6da04.png,3
Sign-up-dcc7ad79.png,3
Sign-up-135dac34.png,3
Sign-up-d258b7e3.png,3
Sign-up-961ac21f.png,3
Sign-up-e450b09b.png,3
Sign-up-012b8018.png,3
Sign-up-2f7193ee.png,3
Sign-up-51c53426.png,3
Sign-up-92cea4be.png,3
Sign-up-f0f3d240.png,3
Sign-up-2d6b0879.png,3
Sign-up-40ad9750.png,3
Sign-up-b8751528.png,3
Sign-up-47fec467.png,3
Sign-up-9b484aec.png,3
Sign-up-a300a2d6.png,3
Sign-up-bd7eef48.png,3
Sign-up-c668f8ec.png,3
Sign-up-52d09433.png,3
Sign-up-a00ca941.png,3
Sign-up-3a6b7758.png,3
Sign-up-946fa6ac.png,3
Sign-up-e8db4e2c.png,3
Sign-up-b840be82.png,3
Sign-up-1899c756.png,3
Sign-up-b6a502f6.png,3
Sign-up-67b6b42f.png,3
Sign-up-525d6763.png,3
Sign-up-d0d9aad5.png,3
Sign-in-c5ef0543.png,2
Sign-in-4a87ceed.png,2
Sign-in-6f92d4ee.png,2
Sign-in-02a01415.png,2
Sign-in-80380aa1.png,2
Sign-in-a0644fcd.png,2
Sign-in-fa604aaa.png,2
Sign-in-8c3f188b.png,2
Sign-in-c2632961.png,2
Sign-in-a9cbcd2f.png,2
Sign-in-0c102b03.png,2
Sign-in-14657ed5.png,2
Sign-in-a4218180.png,2
Sign-in-87e23ad9.png,2
Sign-in-f477a671.png,2
Sign-in-a44237ea.png,2
Sign-in-b9b8eff2.png,2
Sign-in-9ed86388.png,2
Sign-in-9128ea7c.png,2
Sign-in-ff8faa3f.png,2
Sign-in-e3f29f1b.png,2
Sign-in-f074d8ae.png,2
Sign-in-940ebb13.png,2
Sign-in-968143ca.png,2
Sign-in-f015159a.png,2
Sign-in-138b6ead.png,2
Sign-in-71d295c2.png,2
Sign-in-5ce5953b.png,2
Sign-in-34f3c26e.png,2
Sign-in-ba8cca6a.png,2
Sign-in-ac4fb316.png,2
Sign-in-04f81130.png,2
Sign-in-0fa09f24.png,2
Sign-in-00f74413.png,2
Sign-in-dad7b229.png,2
Sign-in-0dfe3325.png,2
Sign-in-dce41750.png,2
Sign-in-f51dfebf.png,2
Sign-in-c2ca512b.png,2
Sign-in-abc0c057.png,2
Sign-in-d7cee022.png,2
Sign-in-a1f8116f.png,2
Sign-in-51ff7ca3.png,2
Sign-in-4f6f0e4f.png,2
Sign-in-0ffac9eb.png,2
Sign-in-efa4a1a9.png,2
Sign-in-a72512d5.png,2
Sign-in-0d8a8b49.png,2
Sign-in-811603ea.png,2
Sign-in-5c2ec5a4.png,2
Sign-in-929a2de4.png,2
Sign-in-5654dc65.png,2
Sign-in-815358c5.png,2
Sign-in-6f078307.png,2
Sign-in-e08b4145.png,2
Sign-in-3352774a.png,2
Sign-in-e8354e97.png,2
Sign-in-195f4f32.png,2
Sign-in-ec1cbdeb.png,2
Sign-in-3ef37abc.png,2
Sign-in-14151497.png,2
Sign-in-e014255f.png,2
Sign-in-eff18e4c.png,2
Sign-in-6bee067e.png,2
Sign-in-3749da4a.png,2
Sign-in-15e41f26.png,2
Sign-in-61fc530b.png,2
Sign-in-74c79424.png,2
Sign-in-26496185.png,2
Sign-in-baa86163.png,2
Sign-in-d261e214.png,2
Sign-in-fbabd571.png,2
Sign-in-8a7027f5.png,2
Sign-in-01f3af94.png,2
Sign-in-a211b055.png,2
Sign-in-1dc3fb78.png,2
Sign-in-d1884ac1.png,2
Sign-in-598fd30f.png,2
Sign-in-d4019978.png,2
Sign-in-59568abd.png,2
Sign-in-2524843f.png,2
Sign-in-2084bdca.png,2
Sign-in-bf8d6131.png,2
Sign-in-490bd60c.png,2
Sign-in-f10e6b7c.png,2
Sign-in-2f44a5eb.png,2
Sign-in-c79a8b77.png,2
Sign-in-ff592e55.png,2
Sign-in-64a4ae3b.png,2
Sign-in-0cad83f7.png,2
Sign-in-8a10cfe4.png,2
Sign-in-3dca84e4.png,2
Sign-in-6aa561e5.png,2
Sign-in-c05cd680.png,2
Sign-in-05cc2587.png,2
Sign-in-20a3fe92.png,2
Sign-in-0c4a9aca.png,2
Sign-in-a4949e90.png,2
Sign-in-97203e69.png,2
Sign-in-287626dd.png,2
Sign-in-db899cbe.png,2
Sign-in-991081d7.png,2
Sign-in-11b4c2df.png,2
Sign-in-b8da7dbc.png,2
Sign-in-881d0d3c.png,2
Sign-in-ea2fc277.png,2
Sign-in-e8adfd46.png,2
Sign-in-ae8e51a1.png,2
Sign-in-5e251723.png,2
Sign-in-bced2d83.png,2
Sign-in-544c69b9.png,2
Sign-in-7f71ad62.png,2
Sign-in-3dfa9820.png,2
Sign-in-71142453.png,2
Sign-in-71648b62.png,2
Sign-in-ca66ac44.png,2
Sign-in-339c75b9.png,2
Sign-in-25a80f76.png,2
Sign-in-23499e5a.png,2
Sign-in-d4541983.png,2
Sign-in-484701f3.png,2
Sign-in-ad26339c.png,2
Sign-in-3f2deb4d.png,2
Sign-in-5ab6f88d.png,2
Sign-in-d6c5c190.png,2
Sign-in-ddf23435.png,2
Sign-in-af5a8b10.png,2
Sign-in-4bdfff4e.png,2
Sign-in-b9644e31.png,2
Sign-in-41f51408.png,2
Sign-in-5fe9e7b6.png,2
Sign-in-0bfe244e.png,2
Sign-in-8324616d.png,2
Sign-in-9fa3e081.png,2
Sign-in-bf0530e9.png,2
Sign-in-5192f902.png,2
Sign-in-05492d06.png,2
Sign-in-b7ebb7d8.png,2
Sign-in-3940d342.png,2
Sign-in-607efd69.png,2
Sign-in-4ca52706.png,2
Sign-in-25551336.png,2
Sign-in-5f3250fe.png,2
Sign-in-969343f2.png,2
Sign-in-ef759259.png,2
Sign-in-598dd90e.png,2
Sign-in-cf7fcab9.png,2
Sign-in-d724585d.png,2
Sign-in-25dc7023.png,2
Sign-in-b3533c16.png,2
Sign-in-ad60f86c.png,2
Sign-in-0ebce1f0.png,2
Sign-in-0b2fc4f1.png,2
Sign-in-03241352.png,2
Sign-in-c6ee9b60.png,2
Sign-in-996f310a.png,2
Sign-in-63d10354.png,2
Sign-in-acd46ee7.png,2
Sign-in-08a1ed20.png,2
Sign-in-0bc4b639.png,2
Sign-in-2ae07e24.png,2
Sign-in-fd0bcef3.png,2
Sign-in-df010322.png,2
Sign-in-bcf340f9.png,2
Sign-in-651a40a9.png,2
Sign-in-f8d5e4c7.png,2
Sign-in-67d69ce2.png,2
Sign-in-df685b43.png,2
Sign-in-de57790e.png,2
Sign-in-69b02986.png,2
Sign-in-bd8649ac.png,2
Sign-in-3d9e037c.png,2
Sign-in-4d4604a7.png,2
Sign-in-398c11ee.png,2
Sign-in-2ecfc978.png,2
Sign-in-b0675a51.png,2
Sign-in-770c25ba.png,2
Sign-in-6a1d338f.png,2
Sign-in-ee0c3f5c.png,2
Sign-in-4124d861.png,2
Sign-in-be77197f.png,2
Sign-in-285a88ea.png,2
Sign-in-d78e5e6e.png,2
Sign-in-1da7d7b5.png,2
Sign-in-1a6dd127.png,2
Sign-in-1a7d3790.png,2
Sign-in-da58a9f7.png,2
Sign-in-3ed7b9b0.png,2
Sign-in-bac47d45.png,2
Sign-in-095e4f48.png,2
Sign-in-b2edb622.png,2
Sign-in-030e2b20.png,2
Sign-in-440dadd4.png,2
Sign-in-2e0379d8.png,2
Sign-in-1959d855.png,2
Sign-in-1a559b81.png,2
Sign-in-81b04d70.png,2
Sign-in-a9f5034a.png,2
Sign-in-89d38d51.png,2
Sign-in-537575fc.png,2
Sign-in-b9aee9a2.png,2
Sign-in-5595c378.png,2
Sign-in-4bde25cf.png,2
Sign-in-58c2e91f.png,2
Sign-in-adb3d08e.png,2
Sign-in-060468b7.png,2
Sign-in-3040b146.png,2
Sign-in-49ac0937.png,2
Sign-in-95d4b68c.png,2
Sign-in-45c97a32.png,2
Sign-in-fe222ca7.png,2
Sign-in-d9bf79ff.png,2
Sign-in-f7590c33.png,2
Sign-in-6aa0add9.png,2
Sign-in-0a12fad2.png,2
Sign-in-38112a42.png,2
Sign-in-31ca4566.png,2
Sign-in-c08b8d0a.png,2
Sign-in-3ecfdc8c.png,2
Sign-in-b3986f44.png,2
Sign-in-80cc0c54.png,2
Sign-in-2bdae65d.png,2
Sign-in-10ec7b7f.png,2
Sign-in-90ec93ab.png,2
Sign-in-2db572f2.png,2
Sign-in-eef7a712.png,2
Sign-in-c07f30a6.png,2
Sign-in-acf1c3d0.png,2
Sign-in-7a3df053.png,2
Sign-in-b5518fe0.png,2
Sign-in-6ef8b7cf.png,2
Sign-in-0a5d7721.png,2
Sign-in-2fea6f21.png,2
Sign-in-1f7aaf8a.png,2
Sign-in-d42bdf01.png,2
Sign-in-3d996e0c.png,2
Sign-in-c045a9de.png,2
Sign-in-8e50c0a7.png,2
Sign-in-78d2be56.png,2
Sign-in-286aafa0.png,2
Sign-in-c23e4f7a.png,2
Sign-in-c6c784e6.png,2
Sign-in-f496cce1.png,2
Sign-in-3a840fc6.png,2
Sign-in-c03287cf.png,2
Sign-in-5278a72e.png,2
Sign-in-785984aa.png,2
Sign-in-f6074d10.png,2
Sign-in-fa14e840.png,2
Sign-in-a4bc38c2.png,2
Sign-in-02d3dc90.png,2
Sign-in-1aaebdbc.png,2
Sign-in-75a176c4.png,2
Sign-in-f4827e10.png,2
Sign-in-5da442c4.png,2
Sign-in-19673ca1.png,2
Sign-in-21103540.png,2
Sign-in-e8c9c0e3.png,2
Sign-in-2426e80a.png,2
Sign-in-f1850cb9.png,2
Sign-in-8fe60707.png,2
Sign-in-39bc14f4.png,2
Sign-in-83d12523.png,2
Sign-in-eb4aa187.png,2
Sign-in-9c80652f.png,2
Sign-in-5cefd798.png,2
Sign-in-4c8f764f.png,2
Sign-in-ee88677f.png,2
Sign-in-5ba574c2.png,2
Sign-in-bb861577.png,2
Sign-in-1a8fc31f.png,2
Sign-in-7386bca2.png,2
Sign-in-1f066401.png,2
Sign-in-2d017b6b.png,2
Sign-in-d024f349.png,2
Sign-in-949746b3.png,2
Sign-in-af6809cd.png,2
Sign-in-c6316ef3.png,2
Sign-in-1485e7a9.png,2
Sign-in-a92a95d5.png,2
Sign-in-db8032e3.png,2
Sign-in-75e94bf0.png,2
Sign-in-40184e33.png,2
Sign-in-d22d0509.png,2
Sign-in-e085efe0.png,2
Sign-in-7a352c88.png,2
Sign-in-8f2f86d1.png,2
Sign-in-188f7564.png,2
Sign-in-cc63c87b.png,2
Sign-in-d4aa7ed3.png,2
Sign-in-8a6b5753.png,2
Sign-in-cc499473.png,2
Sign-in-543dffac.png,2
Sign-in-578e6d11.png,2
Sign-in-28a954e7.png,2
Sign-in-421cef08.png,2
Sign-in-b7956c85.png,2
Sign-in-d5a64237.png,2
Sign-in-0efdd17a.png,2
Sign-in-7408a21c.png,2
Sign-in-ddc8339f.png,2
Sign-in-32c62580.png,2
Sign-in-c5e8b015.png,2
Sign-in-fbf956d1.png,2
Sign-in-c8e8b5a7.png,2
Sign-in-94dd4e11.png,2
Sign-in-ebd4b628.png,2
Sign-in-3ffcdb3e.png,2
Sign-in-7dd98b26.png,2
Sign-in-411cba1e.png,2
Sign-in-f88ac463.png,2
Sign-in-eeda9aea.png,2
Sign-in-63fa8261.png,2
Sign-in-829cc86b.png,2
Sign-in-37bc5139.png,2
Sign-in-06047284.png,2
Sign-in-4db1d390.png,2
Sign-in-545a707f.png,2
Sign-in-d717c8a3.png,2
Sign-in-fe699b54.png,2
Sign-in-7dc72b8b.png,2
Sign-in-1db68026.png,2
Sign-in-cec0c75c.png,2
Sign-in-1466c3b6.png,2
Sign-in-def5377b.png,2
Sign-in-ee559d61.png,2
Sign-in-0ccb5318.png,2
Sign-in-ff35592a.png,2
Sign-in-520d1887.png,2
Sign-in-4249c377.png,2
Sign-in-6b56725b.png,2
Sign-in-9cb9fe6a.png,2
Sign-in-db8efe8b.png,2
Sign-in-9fabe34a.png,2
Sign-in-71f0a84e.png,2
Sign-in-91e57ded.png,2
Sign-in-bd513d6a.png,2
Sign-in-4c5ab7ed.png,2
Sign-in-65aad0b4.png,2
Sign-in-c509abf4.png,2
Sign-in-ea106c1d.png,2
Sign-in-9960d7f0.png,2
Sign-in-4e0a475d.png,2
Sign-in-e6f2a220.png,2
Sign-in-efa3baba.png,2
Sign-in-29c51210.png,2
Sign-in-2414f481.png,2
Sign-in-af23dcea.png,2
Sign-in-8cc1d657.png,2
Sign-in-ba2ef62d.png,2
Sign-in-9d66dba1.png,2
Sign-in-7cd08178.png,2
Sign-in-84598c5f.png,2
Sign-in-c8ca8a80.png,2
Sign-in-a777e32f.png,2
Sign-in-9f1481ab.png,2
Sign-in-23224b49.png,2
Sign-in-e3bdff0e.png,2
Sign-in-3313e1be.png,2
Sign-in-a41c07df.png,2
Sign-in-70cc297e.png,2
Sign-in-3027a2c9.png,2
Sign-in-c5e4f5d6.png,2
Sign-in-3339f60c.png,2
Sign-in-b7e02b64.png,2
Sign-in-738bce0e.png,2
Sign-in-ee753789.png,2
Sign-in-02d53a8b.png,2
Sign-in-8581557e.png,2
Sign-in-57acfe21.png,2
Sign-in-adc9b172.png,2
Sign-in-2a2cf68a.png,2
Sign-in-06f833a9.png,2
Sign-in-c7db0c58.png,2
Sign-in-7d1b5815.png,2
Sign-in-d3ff6076.png,2
Sign-in-8a560029.png,2
Sign-in-b372b4ac.png,2
Sign-in-0610e795.png,2
Sign-in-fa3fe395.png,2
Sign-in-e2951474.png,2
Sign-in-e9d4e118.png,2
Sign-in-fb8d3489.png,2
Sign-in-6298144f.png,2
Sign-in-bcfff27a.png,2
Sign-in-504e877b.png,2
Sign-in-5bd39d06.png,2
Sign-in-9c23f99c.png,2
Sign-in-1a0b94e2.png,2
Sign-in-bce1e47b.png,2
Sign-in-28209c6b.png,2
Sign-in-da21b220.png,2
Sign-in-162fd266.png,2
Sign-in-1b586d20.png,2
Sign-in-32a3f763.png,2
Sign-in-30cce322.png,2
Sign-in-44490820.png,2
Sign-in-f68fec00.png,2
Sign-in-81b1d039.png,2
Sign-in-efde19e6.png,2
Sign-in-0cbf2410.png,2
Sign-in-c2360e14.png,2
Sign-in-18fb8d47.png,2
Sign-in-741a1b51.png,2
Sign-in-b8345e63.png,2
Sign-in-e907cead.png,2
Sign-in-e587164f.png,2
Sign-in-26ba785d.png,2
Sign-in-e7a13bf2.png,2
Sign-in-0a0d30fd.png,2
Sign-in-7e11a830.png,2
Sign-in-77a80f60.png,2
Sign-in-fb41f8dc.png,2
Sign-in-8501fb36.png,2
Sign-in-37c0ee02.png,2
Sign-in-76ffd9a9.png,2
Sign-in-f02417be.png,2
Sign-in-909c501f.png,2
Sign-in-ed1a1de8.png,2
Sign-in-51edc85d.png,2
Sign-in-472333f8.png,2
Sign-in-54e7f803.png,2
Sign-in-c03ff167.png,2
Sign-in-938ed032.png,2
Sign-in-9b0b70c8.png,2
Sign-in-b1e20fe8.png,2
Sign-in-71c6ddc9.png,2
Sign-in-b3d740da.png,2
Sign-in-cfc22b1f.png,2
Sign-in-292a9c79.png,2
Sign-in-6ecaa680.png,2
Sign-in-0aec559a.png,2
Sign-in-25456648.png,2
Sign-in-b98eb379.png,2
Sign-in-7836ec7e.png,2
Sign-in-5bf085af.png,2
Sign-in-982b372a.png,2
Sign-in-b105eabf.png,2
Sign-in-093d5e37.png,2
Sign-in-4336e63b.png,2
Sign-in-f29fca26.png,2
Sign-in-b040770d.png,2
Sign-in-a285fae3.png,2
Sign-in-340872fc.png,2
Sign-in-9a18f5ea.png,2
Sign-in-ba56e989.png,2
Sign-in-4bfa5001.png,2
Sign-in-2287675f.png,2
Sign-in-cf600a41.png,2
Sign-in-3f8df7b1.png,2
Sign-in-45a8506a.png,2
Sign-in-3384060a.png,2
Sign-in-454f15ca.png,2
Sign-in-e5a0e6d4.png,2
Sign-in-7651ea74.png,2
Sign-in-8f933834.png,2
Sign-in-f6af59d3.png,2
Sign-in-3e79f710.png,2
Sign-in-90cb0077.png,2
Sign-in-d24fde50.png,2
Sign-in-d31e3050.png,2
Sign-in-59b86d7f.png,2
Sign-in-a8b4ab49.png,2
Sign-in-15680935.png,2
Sign-in-1184e479.png,2
Sign-in-2103463a.png,2
Sign-in-9bc6e842.png,2
Sign-in-139b6d66.png,2
Sign-in-9dc1973c.png,2
Sign-in-7bf6c6b6.png,2
Sign-in-930ce246.png,2
Sign-in-72248121.png,2
Sign-in-a90c8a35.png,2
Sign-in-274dd726.png,2
Sign-in-c181d472.png,2
Sign-in-501ef2f1.png,2
Sign-in-d40ba9e5.png,2
Sign-in-af63a640.png,2
Sign-in-a9220a4e.png,2
Sign-in-b50a5191.png,2
Sign-in-241c6139.png,2
Sign-in-b2ee8b8e.png,2
Sign-in-2c1ab99e.png,2
Sign-in-508e0fcd.png,2
Sign-in-0de382f0.png,2
Sign-in-4a930c64.png,2
Sign-in-2168b9c6.png,2
Sign-in-b2576b1b.png,2
Sign-in-3377f35e.png,2
Sign-in-da4014ce.png,2
Sign-in-37fa1eb1.png,2
Sign-in-2a29263e.png,2
Sign-in-c1033c9e.png,2
Sign-in-68bf5a22.png,2
Sign-in-a3322cc4.png,2
Sign-in-95a541bf.png,2
Sign-in-fbebc6ef.png,2
Sign-in-a3099efd.png,2
Sign-in-50e90a27.png,2
Sign-in-dc16d17e.png,2
Sign-in-6df66874.png,2
Sign-in-caa1d983.png,2
Sign-in-f7d9da9e.png,2
Sign-in-d4488fc7.png,2
Sign-in-ac9540e5.png,2
Sign-in-f90463a9.png,2
Sign-in-c224e8b3.png,2
Sign-in-5aa71a53.png,2
Sign-in-37f3759e.png,2
Sign-in-aa79820e.png,2
Sign-in-3ccaf9dd.png,2
Sign-in-f2dab177.png,2
Sign-in-f815895b.png,2
Sign-in-74c3a095.png,2
Sign-in-7bfbec3c.png,2
Sign-in-84459d15.png,2
Sign-in-42866b12.png,2
Sign-in-c2d4b4f1.png,2
Sign-in-6c3e7f6f.png,2
Sign-in-86d7d5e9.png,2
Sign-in-9f584a75.png,2
Sign-in-be440fb0.png,2
Sign-in-b88cfbb4.png,2
Sign-in-039acd61.png,2
Sign-in-5371ebaf.png,2
Sign-in-29bc9ef0.png,2
Sign-in-f53ef315.png,2
Sign-in-ccc5d607.png,2
Sign-in-3dd7b695.png,2
Sign-in-443540cc.png,2
Sign-in-18c81288.png,2
Sign-in-755867fa.png,2
Sign-in-7e5c197d.png,2
Sign-in-c2dac040.png,2
Sign-in-22185db5.png,2
Sign-in-be8c0237.png,2
Sign-in-6e219032.png,2
Sign-in-a4baf68f.png,2
Sign-in-8d023c47.png,2
Sign-in-82a28694.png,2
Sign-in-e9b88b70.png,2
Sign-in-38273f6b.png,2
Sign-in-05b853c9.png,2
Sign-in-8da8f902.png,2
Sign-in-1ae4a25f.png,2
Sign-in-e997d45b.png,2
Sign-in-f801e490.png,2
Sign-in-e6c3684f.png,2
Sign-in-9cd5b1b3.png,2
Sign-in-0e9357b4.png,2
Sign-in-c3faddcc.png,2
Sign-in-12226d44.png,2
Sign-in-c5486f2c.png,2
Sign-in-38bb816e.png,2
Sign-in-52cc5a86.png,2
Sign-in-ef5f1f8e.png,2
Sign-in-7cbb3d06.png,2
Sign-in-610658c1.png,2
Sign-in-e8598e48.png,2
Sign-in-60aa8424.png,2
Sign-in-7ba3a6b7.png,2
Sign-in-2b975f00.png,2
Sign-in-3dd88c11.png,2
Sign-in-7dcbc0ee.png,2
Sign-in-a7861172.png,2
Sign-in-7de2a75f.png,2
Sign-in-03c80ea8.png,2
Sign-in-7b71294d.png,2
Sign-in-f7295f5e.png,2
Sign-in-75018610.png,2
Sign-in-30118d46.png,2
Sign-in-69db09b5.png,2
Sign-in-6ac5c2e1.png,2
Sign-in-670631d1.png,2
Sign-in-84483bca.png,2
Sign-in-a3368371.png,2
Sign-in-0cbb3aa3.png,2
Sign-in-c230ae85.png,2
Sign-in-09a7280a.png,2
Sign-in-29eca275.png,2
Sign-in-c42ab9f9.png,2
Sign-in-99110077.png,2
Sign-in-ffa1e4db.png,2
Sign-in-7fd8c126.png,2
Sign-in-a71d58bb.png,2
Sign-in-198486aa.png,2
Sign-in-d28d8bb6.png,2
Sign-in-3ad1539b.png,2
Sign-in-c3c8e52b.png,2
Sign-in-8e8932a0.png,2
Sign-in-5f9df471.png,2
Sign-in-9d0e1ca3.png,2
Sign-in-893a7cfa.png,2
Sign-in-77a524da.png,2
Sign-in-e80bccaa.png,2
Sign-in-207176c1.png,2
Sign-in-89a8163e.png,2
Sign-in-48f0fd0a.png,2
Sign-in-6edf1d65.png,2
Sign-in-83c5d168.png,2
Sign-in-477d14a3.png,2
Sign-in-90531aee.png,2
Sign-in-e3c71bac.png,2
Sign-in-4792afc5.png,2
Sign-in-e4b7d5a6.png,2
Sign-in-b6181740.png,2
Sign-in-a48425a9.png,2
Sign-in-4aada07b.png,2
Sign-in-dbefd8d0.png,2
Sign-in-bbc01970.png,2
Sign-in-afc06d20.png,2
Sign-in-57997172.png,2
Sign-in-4c32b646.png,2
Sign-in-30d8c7f4.png,2
Sign-in-b935bc09.png,2
Sign-in-c65e0efd.png,2
Sign-in-118e746e.png,2
Sign-in-d2aeef13.png,2
Sign-in-45738578.png,2
Sign-in-d71e8c1c.png,2
Sign-in-101d6a05.png,2
Sign-in-9dc178f6.png,2
Sign-in-57f29f02.png,2
Sign-in-4d6e5dbe.png,2
Sign-in-74b51e2b.png,2
Sign-in-e8cedf06.png,2
Sign-in-9468a925.png,2
Sign-in-8a7dd033.png,2
Sign-in-78ea47df.png,2
Sign-in-15d58fba.png,2
Sign-in-ff203392.png,2
Sign-in-91e8e7a9.png,2
Sign-in-6ecbac14.png,2
Sign-in-260572e9.png,2
Sign-in-d441e215.png,2
Sign-in-928530da.png,2
Sign-in-962f2a19.png,2
Sign-in-a83c24f0.png,2
Sign-in-1b3e4713.png,2
Sign-in-641b2075.png,2
Sign-in-29fd2e5b.png,2
Sign-in-b0cef2ec.png,2
Sign-in-33e9596d.png,2
Sign-in-b45d94bc.png,2
Sign-in-43bdcd99.png,2
Sign-in-088e16b5.png,2
Sign-in-267704a4.png,2
Sign-in-97f23e40.png,2
Sign-in-7c8c5015.png,2
Sign-in-c2aff9d2.png,2
Sign-in-4beb53a2.png,2
Sign-in-a205c2a5.png,2
Sign-in-7b1151bc.png,2
Sign-in-555a87cd.png,2
Sign-in-09703ba3.png,2
Sign-in-d90a7c10.png,2
Sign-in-d94141c0.png,2
Sign-in-711af52e.png,2
Sign-in-acfcea82.png,2
Sign-in-b39043c1.png,2
Sign-in-ce5d3324.png,2
Sign-in-3a122dbe.png,2
Sign-in-6195c1c1.png,2
Sign-in-4db393d9.png,2
Sign-in-787c38fd.png,2
Sign-in-c9daf879.png,2
Sign-in-61c57a5d.png,2
Sign-in-8b4e6dee.png,2
Sign-in-0fdca46e.png,2
Sign-in-1dd5ff69.png,2
Sign-in-149a903e.png,2
Sign-in-0fda9930.png,2
Sign-in-e95282dd.png,2
Sign-in-7f2ff003.png,2
Sign-in-a0a66ca6.png,2
Sign-in-eec67e97.png,2
Sign-in-4345b9fa.png,2
Sign-in-c9c2ea00.png,2
Sign-in-cc16b467.png,2
Sign-in-d99fa69b.png,2
Sign-in-6655c624.png,2
Sign-in-e7bb2bc0.png,2
Sign-in-2d386d1f.png,2
Sign-in-8cbb8022.png,2
Sign-in-17a86c81.png,2
Sign-in-8b108336.png,2
Sign-in-fb1e4284.png,2
Sign-in-923c3d06.png,2
Sign-in-4f68492a.png,2
Sign-in-63e583a5.png,2
Sign-in-1b91efe0.png,2
Sign-in-c9d8f571.png,2
Sign-in-54d6ffec.png,2
Sign-in-56e68bfb.png,2
Sign-in-2fd21351.png,2
Sign-in-529401f9.png,2
Sign-in-33da398b.png,2
Sign-in-5e0ba5af.png,2
Sign-in-03c56f13.png,2
Sign-in-d80d15b5.png,2
Sign-in-f42e2bc1.png,2
Sign-in-d1557c4b.png,2
Sign-in-3c4536ac.png,2
Sign-in-45fe3b0f.png,2
Sign-in-69b394b6.png,2
Sign-in-3d105ac8.png,2
Sign-in-9e08b4ce.png,2
Sign-in-65bbb0a5.png,2
Sign-in-da13fc40.png,2
Sign-in-f85d8f56.png,2
Sign-in-3f3fc24d.png,2
Sign-in-9814475d.png,2
Sign-in-639256ad.png,2
Sign-in-f9e03c4c.png,2
Sign-in-29473e55.png,2
Sign-in-5dc04a1c.png,2
Sign-in-abc61733.png,2
Sign-in-08ccd1e1.png,2
Sign-in-2ba56952.png,2
Sign-in-7d135ae2.png,2
Sign-in-c4bf2993.png,2
Sign-in-60a54c71.png,2
Sign-in-37f35298.png,2
Sign-in-edfbaac7.png,2
Sign-in-b8ca86dd.png,2
Sign-in-4bfca117.png,2
Sign-in-6ff4e440.png,2
Sign-in-ed06001d.png,2
Sign-in-61e48e08.png,2
Sign-in-e2b6e640.png,2
Sign-in-d899cc80.png,2
Sign-in-116756fe.png,2
Sign-in-1e987931.png,2
Sign-in-fca4ae4e.png,2
Sign-in-99cbd344.png,2
Sign-in-b4fc90c3.png,2
Sign-in-2d70d5a8.png,2
Sign-in-f5f1bac2.png,2
Sign-in-f02139e5.png,2
Sign-in-ff5cf459.png,2
Sign-in-6f1da655.png,2
Sign-in-00fbcc4a.png,2
Sign-in-f7f53e40.png,2
Sign-in-1199f6f1.png,2
Sign-in-393e6eb5.png,2
Sign-in-f909cb66.png,2
Sign-in-eab7e802.png,2
Sign-in-974e5923.png,2
Sign-in-57dde3f5.png,2
Sign-in-7658d837.png,2
Sign-in-0c56fe6c.png,2
Sign-in-ccfd5cc0.png,2
Sign-in-842f67b5.png,2
Sign-in-e2b85e78.png,2
Sign-in-95b657eb.png,2
Sign-in-0a58f2b7.png,2
Sign-in-852db4d0.png,2
Sign-in-fdd4abd5.png,2
Sign-in-4056a793.png,2
Sign-in-82b9d375.png,2
Sign-in-c4dc64a9.png,2
Sign-in-1140d6cf.png,2
Sign-in-1b5ded6e.png,2
Sign-in-32448706.png,2
Sign-in-fd166e7c.png,2
Sign-in-1b0c62cb.png,2
Sign-in-20b06c53.png,2
Sign-in-d04bdc24.png,2
Sign-in-0e1af348.png,2
Sign-in-27567937.png,2
Sign-in-96a5558b.png,2
Sign-in-badb4eb9.png,2
Sign-in-f4db9d76.png,2
Sign-in-a768032b.png,2
Sign-in-cb64c3e2.png,2
Sign-in-e10aa2fb.png,2
Sign-in-710c33ec.png,2
Sign-in-1efa2979.png,2
Sign-in-244c5dd6.png,2
Sign-in-cbe066f9.png,2
Sign-in-aa5e305f.png,2
Sign-in-a92249e3.png,2
Sign-in-9933e399.png,2
Sign-in-0cf31c84.png,2
Sign-in-3156285c.png,2
Sign-in-0abcb269.png,2
Sign-in-60316027.png,2
Sign-in-85d35358.png,2
Sign-in-661503f5.png,2
Sign-in-1c35000e.png,2
Sign-in-74a2c0dc.png,2
Sign-in-0181c780.png,2
Sign-in-c4f3580e.png,2
Sign-in-68352b74.png,2
Sign-in-d37b41cc.png,2
Sign-in-22ff0886.png,2
Sign-in-5485db1b.png,2
Sign-in-1c773149.png,2
Sign-in-f607bda1.png,2
Sign-in-5f51d068.png,2
Sign-in-533284d9.png,2
Sign-in-4a0f2121.png,2
Sign-in-a31796c5.png,2
Sign-in-8497438f.png,2
Sign-in-e1e3d1f2.png,2
Sign-in-211635a7.png,2
Sign-in-14a28cf0.png,2
Sign-in-be4084a5.png,2
Sign-in-36639c10.png,2
Sign-in-32a54ebf.png,2
Sign-in-3dc78095.png,2
Sign-in-953facd1.png,2
Sign-in-47410429.png,2
Sign-in-60dbd006.png,2
Sign-in-2d211d5c.png,2
Sign-in-752714bb.png,2
Sign-in-110abd49.png,2
Sign-in-788adf70.png,2
Sign-in-fba22766.png,2
Sign-in-6d003cdb.png,2
Sign-in-9a3658b6.png,2
Sign-in-6377606b.png,2
Sign-in-533e9436.png,2
Sign-in-6989ece0.png,2
Sign-in-81350f5b.png,2
Sign-in-96ac957f.png,2
Sign-in-9dd58f46.png,2
Sign-in-74f50e7e.png,2
Sign-in-6b05fa2b.png,2
Sign-in-5f486a20.png,2
Sign-in-3347d717.png,2
Sign-in-41119935.png,2
Sign-in-640b6ef5.png,2
Sign-in-e5350e0d.png,2
Sign-in-2b16d1c7.png,2
Sign-in-744c699c.png,2
Sign-in-1797168b.png,2
Sign-in-dfdaa80f.png,2
Sign-in-10baf883.png,2
Sign-in-9df470b8.png,2
Sign-in-96638da8.png,2
Sign-in-615de3c8.png,2
Sign-in-e4a6a635.png,2
Sign-in-5d35162f.png,2
Sign-in-4c40e4dc.png,2
Sign-in-c839a149.png,2
Sign-in-cee7e608.png,2
Sign-in-3b427758.png,2
Sign-in-4dda45f5.png,2
Sign-in-d203652f.png,2
Sign-in-173d34b0.png,2
Sign-in-e7c02f3e.png,2
Sign-in-53c06b8a.png,2
Sign-in-236e1690.png,2
Sign-in-88e116b8.png,2
Sign-in-2820a249.png,2
Sign-in-53f3d63f.png,2
Sign-in-91136b6c.png,2
Sign-in-cfbdbe0d.png,2
Sign-in-24e887d8.png,2
Sign-in-07d8c3d2.png,2
Sign-in-2c8bfdfe.png,2
Sign-in-4a76ed35.png,2
Sign-in-b94beb64.png,2
Sign-in-951ab518.png,2
Sign-in-bb7f0dfc.png,2
Sign-in-1511de64.png,2
Sign-in-058400f3.png,2
Sign-in-b3625258.png,2
Sign-in-b68e6be4.png,2
Sign-in-af851e8a.png,2
Sign-in-9cbcddad.png,2
Sign-in-95ee353d.png,2
Sign-in-3d096a02.png,2
Sign-in-92a66e87.png,2
Sign-in-151b0a10.png,2
Sign-in-6f80d931.png,2
Sign-in-dd5553e0.png,2
Sign-in-200e3b0b.png,2
Sign-in-9d612bad.png,2
Sign-in-1fe0c897.png,2
Sign-in-4cbca7d6.png,2
Sign-in-4970690c.png,2
Sign-in-265d695a.png,2
Sign-in-42378db2.png,2
Sign-in-428492dd.png,2
Sign-in-7da019e5.png,2
Sign-in-36ddfe3d.png,2
Sign-in-40dae54e.png,2
Sign-in-bde2c740.png,2
Sign-in-c384e53d.png,2
Sign-in-d76b7f88.png,2
Sign-in-76b7976c.png,2
Sign-in-81eb0358.png,2
Sign-in-094568c7.png,2
Sign-in-0c89a809.png,2
Sign-in-cabf20f6.png,2
Sign-in-d82139b5.png,2
Sign-in-4d9bf2f8.png,2
Sign-in-5e517c20.png,2
Sign-in-312b618c.png,2
Sign-in-5b6cd0e9.png,2
Sign-in-f7cbbfb7.png,2
Sign-in-7916bc84.png,2
Sign-in-6809602a.png,2
Sign-in-702192a3.png,2
Sign-in-5f9432ea.png,2
Sign-in-63a3044a.png,2
Sign-in-fe68b7a4.png,2
Sign-in-90065b0b.png,2
Sign-in-2a49c73c.png,2
Sign-in-561047cb.png,2
Sign-in-a0956856.png,2
Sign-in-cc38f6fd.png,2
Sign-in-8fddf9b2.png,2
Sign-in-4952f1fe.png,2
Sign-in-2428d114.png,2
Sign-in-2d1b7845.png,2
Sign-in-5c5fdffe.png,2
Sign-in-83f464d3.png,2
Sign-in-a11ca074.png,2
Sign-in-391195f0.png,2
Sign-in-b81cf34d.png,2
Sign-in-76b207f2.png,2
Sign-in-5b87bae6.png,2
Sign-in-a98c438b.png,2
Sign-in-228cfd9d.png,2
Sign-in-d9f90ae4.png,2
Sign-in-859a8b59.png,2
Sign-in-622ca21c.png,2
Sign-in-cc29f2d9.png,2
Sign-in-681f3b94.png,2
Sign-in-ea86b6c1.png,2
Sign-in-bc14f026.png,2
Sign-in-6f88b5b7.png,2
Sign-in-bfcdf587.png,2
Sign-in-73e46145.png,2
Sign-in-a507dec5.png,2
Sign-in-772f8f3c.png,2
Sign-in-ed12d73f.png,2
Sign-in-c65e790e.png,2
Sign-in-2cac1384.png,2
Sign-in-63c517e5.png,2
Sign-in-15943270.png,2
Sign-in-ecb65bb7.png,2
Sign-in-0d7e9066.png,2
Sign-in-7be96179.png,2
Sign-in-97e42697.png,2
Sign-in-9501cb07.png,2
Sign-in-cff62fe8.png,2
Sign-in-8aa419f5.png,2
Sign-in-a3f9eedb.png,2
Sign-in-613c2aee.png,2
Sign-in-a675f65a.png,2
Sign-in-dab83c22.png,2
Sign-in-87689aeb.png,2
Sign-in-248d30bb.png,2
Sign-in-db5bf9eb.png,2
Sign-in-d739b37d.png,2
Sign-in-c0f98a47.png,2
Sign-in-f90d53fb.png,2
Sign-in-dc1b9361.png,2
Sign-in-6742c1eb.png,2
Sign-in-b07f7f76.png,2
Sign-in-b1af592e.png,2
Sign-in-c0d349a3.png,2
Sign-in-640509d2.png,2
Sign-in-8d85c276.png,2
Sign-in-134ae4ba.png,2
Sign-in-4ed098cb.png,2
Sign-in-733c612b.png,2
Sign-in-3a011dac.png,2
Sign-in-ccb9d937.png,2
Sign-in-7070e4f6.png,2
Sign-in-fcacbeb0.png,2
Sign-in-e9f619d9.png,2
Sign-in-42ec8c5d.png,2
Sign-in-ce1a1b37.png,2
Sign-in-07f4a897.png,2
Sign-in-b7a1ac2d.png,2
Sign-in-9e98b59c.png,2
Sign-in-5ee56107.png,2
Sign-in-18223318.png,2
Sign-in-c23940aa.png,2
Sign-in-570a3bf6.png,2
Sign-in-ab676259.png,2
Sign-in-058c67d0.png,2
Sign-in-c99469f8.png,2
Sign-in-4f026819.png,2
Sign-in-ff75bb55.png,2
Sign-in-13e56701.png,2
Sign-in-22d39be8.png,2
Sign-in-50ac5703.png,2
Sign-in-2ee6448a.png,2
Sign-in-3c9148ba.png,2
Sign-in-c1354375.png,2
Sign-in-ed015f7d.png,2
Sign-in-cb583121.png,2
Sign-in-29c518f3.png,2
Sign-in-28fef9a8.png,2
Log-in-9baaaa2a.png,1
Log-in-734619fb.png,1
Log-in-4a43504b.png,1
Log-in-dc0b91a9.png,1
Log-in-3fe267bc.png,1
Log-in-c458cf40.png,1
Log-in-db0e4e10.png,1
Log-in-9aff8c19.png,1
Log-in-8fdbfc10.png,1
Log-in-c6eba573.png,1
Log-in-a39fa74c.png,1
Log-in-dade1034.png,1
Log-in-312623df.png,1
Log-in-3f153cf4.png,1
Log-in-14441a31.png,1
Log-in-77dd34a0.png,1
Log-in-0478997a.png,1
Log-in-4eccb9dd.png,1
Log-in-b25a0787.png,1
Log-in-73f7e55a.png,1
Log-in-d8c0fab2.png,1
Log-in-ce37b0a1.png,1
Log-in-8eaad983.png,1
Log-in-6752b911.png,1
Log-in-a1af3642.png,1
Log-in-4639a054.png,1
Log-in-0acbe993.png,1
Log-in-6969548a.png,1
Log-in-ff3ec2e5.png,1
Log-in-7ee2f500.png,1
Log-in-590c10ce.png,1
Log-in-3219df4f.png,1
Log-in-a07aaaf8.png,1
Log-in-374107d0.png,1
Log-in-00fc0ebc.png,1
Log-in-ff5a73f4.png,1
Log-in-dcae9634.png,1
Log-in-6f05d6cc.png,1
Log-in-8653d40f.png,1
Log-in-69270743.png,1
Log-in-4a2c543a.png,1
Log-in-318f4ec0.png,1
Log-in-761acca7.png,1
Log-in-d32fe0b4.png,1
Log-in-41cbe29e.png,1
Log-in-755cb63e.png,1
Log-in-f7c1fcb9.png,1
Log-in-cb5afede.png,1
Log-in-e7eaf199.png,1
Log-in-8931fde7.png,1
Log-in-1fa5693e.png,1
Log-in-9e123fe2.png,1
Log-in-46a62f9f.png,1
Log-in-ce22a41d.png,1
Log-in-ce8368c9.png,1
Log-in-4e01ecbe.png,1
Log-in-a766c47f.png,1
Log-in-a85116ec.png,1
Log-in-e7e4c352.png,1
Log-in-961aa28d.png,1
Log-in-4cf9e84d.png,1
Log-in-3a9c6dda.png,1
Log-in-5b2f6ad9.png,1
Log-in-29d0b61f.png,1
Log-in-2e0b5d58.png,1
Log-in-722ecbc9.png,1
Log-in-7c84c86c.png,1
Log-in-afeeb893.png,1
Log-in-830b0a59.png,1
Log-in-1754dd5c.png,1
Log-in-8e19ab58.png,1
Log-in-22adb415.png,1
Log-in-4627d95f.png,1
Log-in-85593260.png,1
Log-in-f205f0be.png,1
Log-in-ca5f7d3a.png,1
Log-in-e1bf3652.png,1
Log-in-c3c2e085.png,1
Log-in-da9b0ec9.png,1
Log-in-7b6e98d9.png,1
Log-in-6181ea70.png,1
Log-in-eee317e0.png,1
Log-in-e497362d.png,1
Log-in-c93ce2ad.png,1
Log-in-f748c56c.png,1
Log-in-c2296c5c.png,1
Log-in-3747eead.png,1
Log-in-d7889b9e.png,1
Log-in-de03f374.png,1
Log-in-49b10a2d.png,1
Log-in-a1d5da09.png,1
Log-in-be1fc1e4.png,1
Log-in-f93bcd48.png,1
Log-in-073128c3.png,1
Log-in-7f5e6965.png,1
Log-in-7be44edd.png,1
Log-in-e419cf51.png,1
Log-in-6d8ec731.png,1
Log-in-a7877ebb.png,1
Log-in-651e1c2e.png,1
Log-in-7c75d753.png,1
Log-in-ed8bc4ac.png,1
Log-in-2bc8573f.png,1
Log-in-342d865e.png,1
Log-in-6764d2bb.png,1
Log-in-3d91e3de.png,1
Log-in-c2c84886.png,1
Log-in-953d0cc7.png,1
Log-in-1d76d81b.png,1
Log-in-a0305676.png,1
Log-in-17dd55e0.png,1
Log-in-8cea35b3.png,1
Log-in-eb5ff337.png,1
Log-in-a1e713a0.png,1
Log-in-e0293c88.png,1
Log-in-95191085.png,1
Log-in-b978098b.png,1
Log-in-4fd0f123.png,1
Log-in-39a88284.png,1
Log-in-3940c8b5.png,1
Log-in-615c76d7.png,1
Log-in-4bc9e98b.png,1
Log-in-d8a35933.png,1
Log-in-73c0351e.png,1
Log-in-e5f7604f.png,1
Log-in-9d1820fe.png,1
Log-in-1a471ab4.png,1
Log-in-d7850651.png,1
Log-in-abb36ffc.png,1
Log-in-f895e5a2.png,1
Log-in-ba98b070.png,1
Log-in-ed1158d5.png,1
Log-in-933fc973.png,1
Log-in-34df24e3.png,1
Log-in-13dcde1d.png,1
Log-in-8f2b2230.png,1
Log-in-fe0a6c49.png,1
Log-in-51c5a996.png,1
Log-in-f6436d5b.png,1
Log-in-67603f4b.png,1
Log-in-70e4910a.png,1
Log-in-20291dd7.png,1
Log-in-09d9a60f.png,1
Log-in-17fbcd86.png,1
Log-in-ffedf4f6.png,1
Log-in-e4f12677.png,1
Log-in-1518a0bc.png,1
Log-in-24cffb89.png,1
Log-in-8d2c50ef.png,1
Log-in-d02411e7.png,1
Log-in-f3ed715c.png,1
Log-in-083d2577.png,1
Log-in-1d22df07.png,1
Log-in-c1e3531f.png,1
Log-in-13699350.png,1
Log-in-30b72790.png,1
Log-in-779741a0.png,1
Log-in-728cd34c.png,1
Log-in-2f0d7cd8.png,1
Log-in-967d823e.png,1
Log-in-1097da6a.png,1
Log-in-d62e098a.png,1
Log-in-2f78941c.png,1
Log-in-72439d2c.png,1
Log-in-640e85fe.png,1
Log-in-204d37fd.png,1
Log-in-11eee922.png,1
Log-in-8f21fa50.png,1
Log-in-29452d4b.png,1
Log-in-fb869dbd.png,1
Log-in-f5ee6c37.png,1
Log-in-17490bc8.png,1
Log-in-6b2bb9e4.png,1
Log-in-91aae91a.png,1
Log-in-5b1afe49.png,1
Log-in-2a78d20f.png,1
Log-in-5885da2e.png,1
Log-in-6a0613cd.png,1
Log-in-7f042a4c.png,1
Log-in-3dd5d164.png,1
Log-in-78c38fff.png,1
Log-in-16d1b3ea.png,1
Log-in-1c15c815.png,1
Log-in-078769f8.png,1
Log-in-a7341c77.png,1
Log-in-aee2b645.png,1
Log-in-c5557a98.png,1
Log-in-e2f20e9e.png,1
Log-in-536b0dac.png,1
Log-in-8f218203.png,1
Log-in-6aa5d5f7.png,1
Log-in-c1581e33.png,1
Log-in-f0652153.png,1
Log-in-cb4be087.png,1
Log-in-594db27f.png,1
Log-in-06c7982d.png,1
Log-in-8cd8d324.png,1
Log-in-8783fefd.png,1
Log-in-80b3177f.png,1
Log-in-439c3a5d.png,1
Log-in-cc46bc98.png,1
Log-in-c5f50135.png,1
Log-in-5141bede.png,1
Log-in-e461828c.png,1
Log-in-d3338133.png,1
Log-in-03a2c020.png,1
Log-in-c8c8d310.png,1
Log-in-e222774b.png,1
Log-in-ac698c97.png,1
Log-in-c044b1eb.png,1
Log-in-c85d2ffb.png,1
Log-in-0a90483e.png,1
Log-in-02ab37ab.png,1
Log-in-30aa74fe.png,1
Log-in-d7ef4896.png,1
Log-in-7d5d0522.png,1
Log-in-3c3e220e.png,1
Log-in-df15605e.png,1
Log-in-95a741f4.png,1
Log-in-613b38e7.png,1
Log-in-2c4dd24c.png,1
Log-in-ba990726.png,1
Log-in-f1b434d0.png,1
Log-in-98b6119e.png,1
Log-in-88e69221.png,1
Log-in-2de59c94.png,1
Log-in-9fc0b72c.png,1
Log-in-eff0d9ea.png,1
Log-in-5b0bf088.png,1
Log-in-67d73203.png,1
Log-in-5800002c.png,1
Log-in-dbc00ac8.png,1
Log-in-988a4faf.png,1
Log-in-ab092940.png,1
Log-in-0dec2ad8.png,1
Log-in-25a7be79.png,1
Log-in-ecb82976.png,1
Log-in-bf28b333.png,1
Log-in-641c2b92.png,1
Log-in-50a551fa.png,1
Log-in-940a7ce5.png,1
Log-in-b7bf9b58.png,1
Log-in-ed07d1a0.png,1
Log-in-e845a377.png,1
Log-in-b7f17418.png,1
Log-in-890c7644.png,1
Log-in-5b6905ea.png,1
Log-in-92af911b.png,1
Log-in-ac9028a9.png,1
Log-in-015891ab.png,1
Log-in-1c616602.png,1
Log-in-4e5d0653.png,1
Log-in-44708a82.png,1
Log-in-ed603d13.png,1
Log-in-294af48e.png,1
Log-in-9668ccd0.png,1
Log-in-666ad371.png,1
Log-in-89f2543c.png,1
Log-in-8737ef25.png,1
Log-in-03f089c8.png,1
Log-in-00461994.png,1
Log-in-43cd9ea2.png,1
Log-in-0e4ebf8e.png,1
Log-in-06fb0f69.png,1
Log-in-9bf976d8.png,1
Log-in-f87fd47a.png,1
Log-in-431d2a35.png,1
Log-in-1ac92557.png,1
Log-in-441f8759.png,1
Log-in-0259f25f.png,1
Log-in-356547ea.png,1
Log-in-04ac6cb0.png,1
Log-in-a04da6b0.png,1
Log-in-84e17d2a.png,1
Log-in-4dc30686.png,1
Log-in-48334d85.png,1
Log-in-2725dd31.png,1
Log-in-44032d80.png,1
Log-in-71e674e6.png,1
Log-in-e32aeb69.png,1
Log-in-7919a1aa.png,1
Log-in-fa84f2b0.png,1
Log-in-44005905.png,1
Log-in-58c86e20.png,1
Log-in-488f70f0.png,1
Log-in-2f13aa7b.png,1
Log-in-c1dddacf.png,1
Log-in-192e8109.png,1
Log-in-3826ff59.png,1
Log-in-3bf623f4.png,1
Log-in-b72164a6.png,1
Log-in-b7bed87e.png,1
Log-in-a21e2c47.png,1
Log-in-e74fab4d.png,1
Log-in-dab6f526.png,1
Log-in-e245d761.png,1
Log-in-349b95f7.png,1
Log-in-30698f50.png,1
Log-in-9f8fd29f.png,1
Log-in-af9310ee.png,1
Log-in-98d8085f.png,1
Log-in-3fe5a43d.png,1
Log-in-61835318.png,1
Log-in-10015c85.png,1
Log-in-86ca1647.png,1
Log-in-6997854f.png,1
Log-in-1a95eb74.png,1
Log-in-afb6380f.png,1
Log-in-6b61a477.png,1
Log-in-a557d575.png,1
Log-in-59437c81.png,1
Log-in-1765e8e0.png,1
Log-in-979908c6.png,1
Log-in-c6a82fbf.png,1
Log-in-dd79dc73.png,1
Log-in-032c756e.png,1
Log-in-600d6d02.png,1
Log-in-38386235.png,1
Log-in-cb713aa2.png,1
Log-in-32395bae.png,1
Log-in-c3c9c0b9.png,1
Log-in-caee14af.png,1
Log-in-47487de3.png,1
Log-in-02043fa2.png,1
Log-in-9c30a195.png,1
Log-in-f94a001e.png,1
Log-in-06311ad9.png,1
Log-in-176137b7.png,1
Log-in-1e42bb33.png,1
Log-in-0f333a2c.png,1
Log-in-e29bf8f4.png,1
Log-in-8918b6d8.png,1
Log-in-e99cd690.png,1
Log-in-7380d046.png,1
Log-in-0324b0c0.png,1
Log-in-c457938e.png,1
Log-in-c4e1ba09.png,1
Log-in-9b79bae5.png,1
Log-in-9ad3af95.png,1
Log-in-6628d43f.png,1
Log-in-bf8b064b.png,1
Log-in-fdb831e4.png,1
Log-in-d95c833a.png,1
Log-in-1113ca4e.png,1
Log-in-a6a3d06c.png,1
Log-in-da91d806.png,1
Log-in-01d1ba11.png,1
Log-in-7f29aea7.png,1
Log-in-9f8e2bb5.png,1
Log-in-6cca742b.png,1
Log-in-3340eaf8.png,1
Log-in-41711afe.png,1
Log-in-2ddead51.png,1
Log-in-d11fc806.png,1
Log-in-23e33f24.png,1
Log-in-70fb40e9.png,1
Log-in-000f447a.png,1
Log-in-0bf81860.png,1
Log-in-ba187b8d.png,1
Log-in-37d9a314.png,1
Log-in-a6a4b15d.png,1
Log-in-6fcaccb4.png,1
Log-in-e3791b74.png,1
Log-in-8c3b7433.png,1
Log-in-70895b61.png,1
Log-in-2fdf4fef.png,1
Log-in-fc3e9c5c.png,1
Log-in-b8a41ca0.png,1
Log-in-c2c95041.png,1
Log-in-6312c43d.png,1
Log-in-b98e7470.png,1
Log-in-272e4377.png,1
Log-in-d9dc579b.png,1
Log-in-3062f093.png,1
Log-in-4dac7854.png,1
Log-in-6b2fa529.png,1
Log-in-06f4e1b8.png,1
Log-in-af211f7f.png,1
Log-in-cfbdba77.png,1
Log-in-eab68bd4.png,1
Log-in-c174b81b.png,1
Log-in-62b0db20.png,1
Log-in-4ae8d88e.png,1
Log-in-8488a3fc.png,1
Log-in-93d8fbe3.png,1
Log-in-46ebb8d1.png,1
Log-in-b57d7a75.png,1
Log-in-40f73141.png,1
Log-in-f09fdbf9.png,1
Log-in-c1af2983.png,1
Log-in-16d1637d.png,1
Log-in-2e217598.png,1
Log-in-86a396bc.png,1
Log-in-abd4fdef.png,1
Log-in-69275eac.png,1
Log-in-e955ae46.png,1
Log-in-ae9faa02.png,1
Log-in-979f98d4.png,1
Log-in-44cc3ef5.png,1
Log-in-5b2fc2f1.png,1
Log-in-662401cd.png,1
Log-in-71a44577.png,1
Log-in-8219667e.png,1
Log-in-5e9bd7f8.png,1
Log-in-5544cd84.png,1
Log-in-84e41839.png,1
Log-in-56d65e3d.png,1
Log-in-a5b030df.png,1
Log-in-04a1d4df.png,1
Log-in-956c50ae.png,1
Log-in-40e7beac.png,1
Log-in-399a2af9.png,1
Log-in-c157c7aa.png,1
Log-in-0f0dff95.png,1
Log-in-b6a9620c.png,1
Log-in-fe6dfdf7.png,1
Log-in-085540e3.png,1
Log-in-53c295fd.png,1
Log-in-76fa6e62.png,1
Log-in-6295e313.png,1
Log-in-c91bea81.png,1
Log-in-da6542e1.png,1
Log-in-10da9b6f.png,1
Log-in-5dfe6606.png,1
Log-in-6ee3464b.png,1
Log-in-5cce211f.png,1
Log-in-b5a67ee1.png,1
Log-in-44909cb3.png,1
Log-in-9508a9f0.png,1
Log-in-31e6ea7c.png,1
Log-in-0b87c051.png,1
Log-in-9c01142d.png,1
Log-in-5a80b42f.png,1
Log-in-e3cfa31d.png,1
Log-in-758f02cf.png,1
Log-in-fe2dd7f5.png,1
Log-in-d1da0b8a.png,1
Log-in-c44ac422.png,1
Log-in-27d9f371.png,1
Log-in-e2a96aef.png,1
Log-in-f9eb18d2.png,1
Log-in-5ce3b5cd.png,1
Log-in-5e8c2cbd.png,1
Log-in-52b930ff.png,1
Log-in-c7d10cc6.png,1
Log-in-55e136fc.png,1
Log-in-0305d227.png,1
Log-in-947a4b5f.png,1
Log-in-7c0b388c.png,1
Log-in-5e69fbd2.png,1
Log-in-38939079.png,1
Log-in-629a6c56.png,1
Log-in-4a5eff82.png,1
Log-in-04d59de0.png,1
Log-in-3668c6f9.png,1
Log-in-ce95ccc0.png,1
Log-in-3ee5bf73.png,1
Log-in-eac1033f.png,1
Log-in-4fd90d8e.png,1
Log-in-93469fa6.png,1
Log-in-65f87a9e.png,1
Log-in-0e36b6c4.png,1
Log-in-f5861956.png,1
Log-in-64fcca05.png,1
Log-in-d6df731b.png,1
Log-in-94768bad.png,1
Log-in-db20a04f.png,1
Log-in-0e5dcf19.png,1
Log-in-5f69bedf.png,1
Log-in-f15a4179.png,1
Log-in-d4af09f6.png,1
Log-in-034d3285.png,1
Log-in-b6268440.png,1
Log-in-cb8ae51c.png,1
Log-in-4e51babc.png,1
Log-in-472bacf2.png,1
Log-in-a5e7d0d8.png,1
Log-in-1d9fd3f3.png,1
Log-in-3f0e37d8.png,1
Log-in-910224a4.png,1
Log-in-31086cf7.png,1
Log-in-9cc1d653.png,1
Log-in-d4f766cb.png,1
Log-in-235f6bba.png,1
Log-in-8efa57bf.png,1
Log-in-2e6cdca1.png,1
Log-in-97dc25fd.png,1
Log-in-fb0e02ca.png,1
Log-in-bd71c1e1.png,1
Log-in-0ce20874.png,1
Log-in-b3d27e83.png,1
Log-in-33593f12.png,1
Log-in-8a04e953.png,1
Log-in-da5726db.png,1
Log-in-1467c3de.png,1
Log-in-609c553e.png,1
Log-in-4cfb85fd.png,1
Log-in-bcdd002a.png,1
Log-in-0604dba4.png,1
Log-in-244f070f.png,1
Log-in-1a61c4c7.png,1
Log-in-b48acdb7.png,1
Log-in-e7ede086.png,1
Log-in-e89be6ba.png,1
Log-in-7b4af4f4.png,1
Log-in-6f01ea86.png,1
Log-in-6264e723.png,1
Log-in-2964a545.png,1
Log-in-52a61eac.png,1
Log-in-5e29c201.png,1
Log-in-d583201c.png,1
Log-in-4e17eb80.png,1
Log-in-1d6b68dd.png,1
Log-in-d9087119.png,1
Log-in-caa712ae.png,1
Log-in-19230629.png,1
Log-in-02665e0c.png,1
Log-in-9feb696d.png,1
Log-in-5398a55d.png,1
Log-in-84793fc9.png,1
Log-in-0eedacd0.png,1
Log-in-c22c85bd.png,1
Log-in-c6d66f88.png,1
Log-in-4a9c54bf.png,1
Log-in-d688ca16.png,1
Log-in-0f0e22be.png,1
Log-in-b4e90816.png,1
Log-in-6de2d443.png,1
Log-in-989b6afa.png,1
Log-in-6165ff9f.png,1
Log-in-8accb8a9.png,1
Log-in-a9282360.png,1
Log-in-9eb0f358.png,1
Log-in-efbc13e0.png,1
Log-in-9fae8cf4.png,1
Log-in-98f4c4ab.png,1
Log-in-6092d716.png,1
Log-in-8165a9b0.png,1
Log-in-031e7a03.png,1
Log-in-59863258.png,1
Log-in-2569fd94.png,1
Log-in-4b4b7430.png,1
Log-in-b1a9df1c.png,1
Log-in-423b5e92.png,1
Log-in-5ec05d10.png,1
Log-in-c25067e1.png,1
Log-in-d981bcf9.png,1
Log-in-1c792ac8.png,1
Log-in-811800ce.png,1
Log-in-d81286ad.png,1
Log-in-9f6b2135.png,1
Log-in-39258f75.png,1
Log-in-026f3b70.png,1
Log-in-e09c9e7f.png,1
Log-in-7803c5bb.png,1
Log-in-c33e591a.png,1
Log-in-f197ee62.png,1
Log-in-7739d8e5.png,1
Log-in-84cfad9b.png,1
Log-in-b69faeb8.png,1
Log-in-823c94c7.png,1
Log-in-ae66d1f5.png,1
Log-in-8e773504.png,1
Log-in-de3417ce.png,1
Log-in-916743c5.png,1
Log-in-4bd114d2.png,1
Log-in-a8cd8fe5.png,1
Log-in-5cad3024.png,1
Log-in-aa475ccd.png,1
Log-in-4e321b3e.png,1
Log-in-db5a09b9.png,1
Log-in-f2a0bd1a.png,1
Log-in-de6f69e4.png,1
Log-in-61120862.png,1
Log-in-106e084a.png,1
Log-in-3cf3a6f8.png,1
Log-in-c799a775.png,1
Log-in-5634fbb4.png,1
Log-in-06c528d7.png,1
Log-in-2573a292.png,1
Log-in-2e8d1ecd.png,1
Log-in-7c34809f.png,1
Log-in-76d9dda9.png,1
Log-in-00dbf4cf.png,1
Log-in-4b5f3f3b.png,1
Log-in-f169a600.png,1
Log-in-0334e0ef.png,1
Log-in-5d0c98a8.png,1
Log-in-1f897f70.png,1
Log-in-b2d1ba8a.png,1
Log-in-d209f675.png,1
Log-in-92dea3ce.png,1
Log-in-66d0a5a4.png,1
Log-in-ff9a31c8.png,1
Log-in-d98641a0.png,1
Log-in-25077a7e.png,1
Log-in-e2f815a2.png,1
Log-in-e5825e84.png,1
Log-in-fd262614.png,1
Log-in-930c4dc9.png,1
Log-in-fae98561.png,1
Log-in-95e331ca.png,1
Log-in-c37b0259.png,1
Log-in-26c9c7fd.png,1
Log-in-ec20b5fc.png,1
Log-in-22d07fc6.png,1
Log-in-6c66561e.png,1
Log-in-e9d50847.png,1
Log-in-23ae4a95.png,1
Log-in-1bbe9989.png,1
Log-in-eb03eacc.png,1
Log-in-dab2f20a.png,1
Log-in-05f5e970.png,1
Log-in-f69cbc6f.png,1
Log-in-2dc6f0b5.png,1
Log-in-ac01db61.png,1
Log-in-6d57d6d5.png,1
Log-in-214ef5b1.png,1
Log-in-252add24.png,1
Log-in-4b9d21b5.png,1
Log-in-839acdf2.png,1
Log-in-ae9b72cf.png,1
Log-in-c33cda11.png,1
Log-in-024c4fab.png,1
Log-in-75e9bbae.png,1
Log-in-e27d1694.png,1
Log-in-2c6c7e27.png,1
Log-in-6773f721.png,1
Log-in-96506298.png,1
Log-in-f42c55e1.png,1
Log-in-031115ef.png,1
Log-in-b3db31fc.png,1
Log-in-a2f1c6be.png,1
Log-in-b69cc206.png,1
Log-in-8c4b9299.png,1
Log-in-c896387d.png,1
Log-in-9c754a3e.png,1
Log-in-e47bb875.png,1
Log-in-00609be4.png,1
Log-in-cda561e4.png,1
Log-in-e1aeddb7.png,1
Log-in-c509a897.png,1
Log-in-e2b7c6c0.png,1
Log-in-7a2fcff4.png,1
Log-in-8ff56993.png,1
Log-in-20eb592c.png,1
Log-in-e3489e0e.png,1
Log-in-b24c4661.png,1
Log-in-eb2fe1b9.png,1
Log-in-2dfe717e.png,1
Log-in-a7d647c8.png,1
Log-in-306e8ef1.png,1
Log-in-c2317ce7.png,1
Log-in-00de1d00.png,1
Log-in-825efda0.png,1
Log-in-12aeacae.png,1
Log-in-81e9181e.png,1
Log-in-7c1faeb5.png,1
Log-in-62af3592.png,1
Log-in-cfc78935.png,1
Log-in-a5f3abf2.png,1
Log-in-a86ff9b5.png,1
Log-in-6c6fff98.png,1
Log-in-92b99ae0.png,1
Log-in-e2e35eb7.png,1
Log-in-6de58709.png,1
Log-in-650b7a58.png,1
Log-in-130ee13a.png,1
Log-in-b6fd1b46.png,1
Log-in-f2e5a506.png,1
Log-in-6c41de02.png,1
Log-in-aa634d03.png,1
Log-in-4992307a.png,1
Log-in-125b2ede.png,1
Log-in-b9f903d4.png,1
Log-in-cc10f87a.png,1
Log-in-05296070.png,1
Log-in-e57e5a5b.png,1
Log-in-f4c81a0c.png,1
Log-in-15f951bd.png,1
Log-in-b5b9f14b.png,1
Log-in-c64ac3a4.png,1
Log-in-6bb86d79.png,1
Log-in-d50e297c.png,1
Log-in-2f99a865.png,1
Log-in-bbebfbee.png,1
Log-in-d81cd09f.png,1
Log-in-bd14c6aa.png,1
Log-in-fd456e82.png,1
Log-in-28ff5af5.png,1
Log-in-71cc0a8e.png,1
Log-in-44b66461.png,1
Log-in-af0b69df.png,1
Log-in-0374a770.png,1
Log-in-6de68fdf.png,1
Log-in-57ccb7e0.png,1
Log-in-c9ba3657.png,1
Log-in-14faca62.png,1
Log-in-7bd2071f.png,1
Log-in-1a62a63e.png,1
Log-in-4bbed677.png,1
Log-in-8639ec61.png,1
Log-in-c2723303.png,1
Log-in-a1a02dd8.png,1
Log-in-0b81f3ce.png,1
Log-in-e9c56ef6.png,1
Log-in-37485a0c.png,1
Log-in-1b7adfdc.png,1
Log-in-cfed53f9.png,1
Log-in-42a27058.png,1
Log-in-ec6aca41.png,1
Log-in-d4c69fa3.png,1
Log-in-fde011e3.png,1
Log-in-b8638f5c.png,1
Log-in-a06bc57a.png,1
Log-in-1c2f18f5.png,1
Log-in-b66fdb13.png,1
Log-in-73e4e55f.png,1
Log-in-b92b9a04.png,1
Log-in-44416451.png,1
Log-in-8aa1502b.png,1
Log-in-3ba69ab0.png,1
Log-in-ceb85d5a.png,1
Log-in-01717b9a.png,1
Log-in-4ceae1d0.png,1
Log-in-ff12e9a7.png,1
Log-in-f4147e8a.png,1
Log-in-03a3fbd3.png,1
Log-in-e548e6e0.png,1
Log-in-c929f090.png,1
Log-in-81971d88.png,1
Log-in-927036f5.png,1
Log-in-cc1ce790.png,1
Log-in-18e449e2.png,1
Log-in-738ba5c3.png,1
Log-in-ebac96aa.png,1
Log-in-3729656e.png,1
Log-in-684e6f1d.png,1
Log-in-0367c804.png,1
Log-in-0a5ab57a.png,1
Log-in-724c127c.png,1
Log-in-3f5d9cd6.png,1
Log-in-0e92e3b0.png,1
Log-in-58006d5f.png,1
Log-in-c66f7f7f.png,1
Log-in-a4057d13.png,1
Log-in-f9c8b7d2.png,1
Log-in-6282684d.png,1
Log-in-0768147c.png,1
Log-in-522f9324.png,1
Log-in-f674aa29.png,1
Log-in-6c35da98.png,1
Log-in-1ca20494.png,1
Log-in-55d10b7b.png,1
Log-in-4c6984db.png,1
Log-in-33901ec6.png,1
Log-in-b15ea581.png,1
Log-in-e3b1bc08.png,1
Log-in-02887373.png,1
Log-in-4d7e1664.png,1
Log-in-d8b22c8e.png,1
Log-in-11b37034.png,1
Log-in-58acb79c.png,1
Log-in-1faf2d53.png,1
Log-in-fb5b9123.png,1
Log-in-ec7fa2e4.png,1
Log-in-8a907d7a.png,1
Log-in-774d21b5.png,1
Log-in-01372e88.png,1
Log-in-6f2ac284.png,1
Log-in-5c416aa0.png,1
Log-in-944e5ec4.png,1
Log-in-5a5445af.png,1
Log-in-69a2c9dc.png,1
Log-in-07408b27.png,1
Log-in-20d79575.png,1
Log-in-b5b96191.png,1
Log-in-f9e640df.png,1
Log-in-f11d0756.png,1
Log-in-0a8a7df9.png,1
Log-in-b19ee838.png,1
Log-in-39fa8bb4.png,1
Log-in-990b0481.png,1
Log-in-6c7a7934.png,1
Log-in-ce7a579b.png,1
Log-in-753e1d24.png,1
Log-in-d07e878e.png,1
Log-in-e1a98686.png,1
Log-in-4e5b5a96.png,1
Log-in-b566ae59.png,1
Log-in-dbba6d60.png,1
Log-in-e4f1ca46.png,1
Log-in-0cfc9fd2.png,1
Log-in-397d3668.png,1
Log-in-36f74c05.png,1
Log-in-5a19159e.png,1
Log-in-83d8ade1.png,1
Log-in-479b4288.png,1
Log-in-d55e4a1f.png,1
Log-in-73478af7.png,1
Log-in-27037935.png,1
Log-in-367545bc.png,1
Log-in-8a83cd2b.png,1
Log-in-eb7b432a.png,1
Log-in-5a704ac3.png,1
Log-in-cd162bbe.png,1
Log-in-dbd14660.png,1
Log-in-7528a1f9.png,1
Log-in-5d4899f7.png,1
Log-in-03b50434.png,1
Log-in-ac469946.png,1
Log-in-4f5d4ae6.png,1
Log-in-d0e8730b.png,1
Log-in-73bdffa0.png,1
Log-in-4bfe72a8.png,1
Log-in-ef3d3dc1.png,1
Log-in-21935837.png,1
Log-in-381b7d61.png,1
Log-in-efa3b1c3.png,1
Log-in-778be12a.png,1
Log-in-d5544e51.png,1
Log-in-6bfd633f.png,1
Log-in-55d58212.png,1
Log-in-abb60cc6.png,1
Log-in-6fd9d453.png,1
Log-in-f0cdc926.png,1
Log-in-85b3b3cc.png,1
Log-in-7721dff6.png,1
Log-in-5cbfd2c6.png,1
Log-in-6463aaec.png,1
Log-in-58072060.png,1
Log-in-0db55695.png,1
Log-in-9d15d6d8.png,1
Log-in-2ccfe235.png,1
Log-in-f146d06d.png,1
Log-in-55b8f2aa.png,1
Log-in-af36cd14.png,1
Log-in-636db614.png,1
Log-in-89c3831b.png,1
Log-in-073190ca.png,1
Log-in-b0f10b3e.png,1
Log-in-a154999b.png,1
Log-in-338673dc.png,1
Log-in-8a29a947.png,1
Log-in-80f13c73.png,1
Log-in-c86adede.png,1
Log-in-9ce82d50.png,1
Log-in-f19bab7d.png,1
Log-in-c02d52f7.png,1
Log-in-9eaee383.png,1
Log-in-ea9c7e8c.png,1
Log-in-800e38f3.png,1
Log-in-2c8f0e87.png,1
Log-in-48bd50e6.png,1
Log-in-ed663e83.png,1
Log-in-652cce7f.png,1
Log-in-755a40d3.png,1
Log-in-3eea643e.png,1
Log-in-93a5b1e4.png,1
Log-in-5a4c09b3.png,1
Log-in-39fbb9f8.png,1
Log-in-ee74dcdd.png,1
Log-in-5347a162.png,1
Log-in-bf03527d.png,1
Log-in-082b4a49.png,1
Log-in-a60b4cb0.png,1
Log-in-511d5805.png,1
Log-in-c875e05c.png,1
Log-in-4329105c.png,1
Log-in-d88ff9d6.png,1
Log-in-0e68248a.png,1
Log-in-b0850ee6.png,1
Log-in-d977fed8.png,1
Log-in-cdd10887.png,1
Log-in-623753b5.png,1
Log-in-03f68a68.png,1
Log-in-502a8948.png,1
Log-in-52f0e894.png,1
Log-in-2ca02042.png,1
Log-in-5eebb536.png,1
Log-in-719c05c5.png,1
Log-in-89219429.png,1
Log-in-78b8643c.png,1
Log-in-b3e2fb6d.png,1
Log-in-f6d8b8ec.png,1
Log-in-9ea462b0.png,1
Log-in-02dd8914.png,1
Log-in-ae2f644c.png,1
Log-in-8a200dd9.png,1
Log-in-d25c1e02.png,1
Log-in-66443d4a.png,1
Log-in-1ff8b2fc.png,1
Log-in-06066bc6.png,1
Log-in-13aded76.png,1
Log-in-97764582.png,1
Log-in-6d1f0b36.png,1
Log-in-95fe8681.png,1
Log-in-b1981591.png,1
Log-in-edb82677.png,1
Log-in-597e9ad7.png,1
Log-in-df58f78a.png,1
Log-in-4e07e511.png,1
Log-in-acd7dc59.png,1
Log-in-ce0d5db8.png,1
Log-in-26231edc.png,1
Log-in-acab2d92.png,1
Log-in-c1ca1262.png,1
Log-in-2bf809ec.png,1
Log-in-44db437a.png,1
Log-in-4b4be9a0.png,1
Log-in-152077c8.png,1
Log-in-ac30c38a.png,1
Log-in-bf6d4800.png,1
Log-in-2f366d21.png,1
Log-in-7b039cfa.png,1
Log-in-f589d7ea.png,1
Log-in-3b3023ca.png,1
Log-in-1410a91c.png,1
Log-in-3cdb8e7a.png,1
Log-in-f2dfa32d.png,1
Log-in-78fe7e49.png,1
Log-in-3ebf4e61.png,1
Log-in-45d0074c.png,1
Log-in-4c8f8eff.png,1
Log-in-e0774959.png,1
Log-in-581289a1.png,1
Log-in-5c57a39b.png,1
Log-in-bcbcdaee.png,1
Log-in-6b7c53a8.png,1
Log-in-f1839cff.png,1
Log-in-7baa0536.png,1
Log-in-fbe1c524.png,1
Log-in-9fb14b9b.png,1
Log-in-f251f256.png,1
Log-in-f8a9a87d.png,1
Log-in-69aa1495.png,1
Log-in-e71cf5e9.png,1
Log-in-de703a32.png,1
Log-in-989b9c22.png,1
Log-in-941c4f2c.png,1
Log-in-691d52a5.png,1
Log-in-fec2a4fa.png,1
Log-in-255e6143.png,1
Log-in-bd7c532b.png,1
Log-in-c4ad62ae.png,1
Log-in-98e70a19.png,1
Log-in-0f1942fb.png,1
Log-in-89818d78.png,1
Log-in-1b9026e7.png,1
Log-in-a78a3648.png,1
Log-in-77c126c0.png,1
Log-in-efe6909e.png,1
Log-in-68fa9056.png,1
Log-in-d46226ed.png,1
Log-in-a17e4168.png,1
Log-in-faa276fe.png,1
Log-in-59ee7ff9.png,1
Log-in-3af1d666.png,1
Log-in-64f5ccf0.png,1
Log-in-c115e6eb.png,1
Log-in-801671d5.png,1
Log-in-3d9f84d6.png,1
Log-in-ed02fa06.png,1
Log-in-7c24d1e2.png,1
Log-in-ffcf09db.png,1
Log-in-51d01ce3.png,1
Log-in-c5a4b0fb.png,1
Log-in-829d8597.png,1
Log-in-49236321.png,1
Log-in-ba2d15fa.png,1
Log-in-bf9ff610.png,1
Log-in-078972d3.png,1
Log-in-ad8fb99b.png,1
Log-in-f53e43df.png,1
Log-in-a89eee8e.png,1
Log-in-8cca38a3.png,1
Log-in-b11b2ac5.png,1
Log-in-a258be9b.png,1
Log-in-9cde2bd0.png,1
Log-in-4453a8e8.png,1
Log-in-8879b42c.png,1
Log-in-d6174368.png,1
Log-in-247589ad.png,1
Log-in-df36290d.png,1
Log-in-db5962da.png,1
Log-in-04c7590d.png,1
Log-in-a561af20.png,1
Log-in-1b5c6c65.png,1
Log-in-3c64b79b.png,1
Log-in-55ed44c8.png,1
Log-in-6b10ebb1.png,1
Log-in-417e6ca7.png,1
Log-in-e047c6f3.png,1
Log-in-d2239304.png,1
Log-in-e81410ea.png,1
Log-in-ef05aada.png,1
Log-in-d13e21d1.png,1
Log-in-552c6b8e.png,1
Log-in-8aea221e.png,1
Log-in-49a818a5.png,1
